Name,DOE,Number,Risk,Cost Mean,Cost Median,Cost 95confidence Lower,Cost 95confidence Upper,Cost Q25,Cost Q75,Lead Time Mean,Lead Time Median,Lead Time 95confidence Lower,Lead Time 95confidence Upper,Lead Time Q25,Lead Time Q75,Quality Mean,Quality Median,Quality 95confidence Lower,Quality 95confidence Upper,Quality Q25,Quality Q75,Effectivness Mean,Effectivness Median,Effectivness 95confidence Lower,Effectivness 95confidence Upper,Effectivness Q25,Effectivness Q75,Average Iterations Mean,Average Iterations Median,Average Iterations 95confidence Lower,Average Iterations 95confidence Upper,Average Iterations Q25,Average Iterations Q75,First Pass Yield Mean,First Pass Yield Median,First Pass Yield 95confidence Lower,First Pass Yield 95confidence Upper,First Pass Yield Q25,First Pass Yield Q75,Rel Cost Physical Mean,Rel Cost Physical Median,Rel Cost Physical 95confidence Lower,Rel Cost Physical 95confidence Upper,Rel Cost Physical Q25,Rel Cost Physical Q75,Work Efficency Mean,Work Efficency Median,Work Efficency 95confidence Lower,Work Efficency 95confidence Upper,Work Efficency Q25,Work Efficency Q75,Average Consitency Mean,Average Consitency Median,Average Consitency 95confidence Lower,Average Consitency 95confidence Upper,Average Consitency Q25,Average Consitency Q75
Baseline,Baseline,,18763.4,1395,1356.2,1378,1413.9,1143.7,1615.5,113.1,108.6,111.6,115.2,88.3,136.1,0.804,0.824,0.798,0.805,0.739,0.863,0.275,0.265,0.273,0.28,0.221,0.317,7.5,7.4,7.4,7.6,6.5,8.5,0.075,0.055,0.073,0.084,0.027,0.096,0.72,0.723,0.718,0.722,0.699,0.747,0.49,0.492,0.488,0.491,0.473,0.508,0.66,0.664,0.659,0.663,0.634,0.689
DOE3-1,DOE3,1,39451.7,1427.6,1397.3,1392.2,1463,1189.7,1671.8,129.8,125.5,126.1,133.5,104,155.5,0.799,0.822,0.792,0.806,0.74,0.858,0.281,0.268,0.273,0.29,0.222,0.317,7.5,7.4,7.4,7.6,6.5,8.3,0.085,0.055,0.072,0.097,0.027,0.096,0.667,0.671,0.663,0.671,0.646,0.694,0.497,0.497,0.495,0.499,0.482,0.514,0.664,0.666,0.66,0.668,0.64,0.692
DOE3-10,DOE3,10,34754,1402.7,1384.8,1369.9,1435.6,1154.5,1591.9,127.9,124.7,124.5,131.4,102,148.4,0.801,0.825,0.794,0.808,0.737,0.862,0.283,0.272,0.275,0.29,0.233,0.323,7.5,7.4,7.3,7.6,6.5,8.4,0.079,0.068,0.069,0.089,0.027,0.096,0.663,0.666,0.659,0.666,0.641,0.689,0.499,0.501,0.496,0.501,0.484,0.515,0.665,0.666,0.661,0.669,0.643,0.691
DOE3-11,DOE3,11,40696.5,1435.9,1418.2,1401.7,1470.2,1181.9,1634.3,131.7,129.9,128.1,135.3,103.9,153.7,0.802,0.823,0.795,0.809,0.745,0.861,0.279,0.265,0.271,0.286,0.227,0.319,7.5,7.5,7.4,7.7,6.5,8.4,0.077,0.055,0.067,0.087,0.027,0.096,0.659,0.662,0.655,0.662,0.636,0.684,0.504,0.504,0.502,0.506,0.487,0.522,0.663,0.662,0.659,0.667,0.639,0.689
DOE3-12,DOE3,12,49452.6,1484.7,1444.6,1449.1,1520.3,1232.7,1724.5,136.4,130.4,132.6,140.1,109.4,162.3,0.81,0.835,0.803,0.817,0.75,0.866,0.274,0.264,0.267,0.281,0.221,0.31,7.5,7.5,7.4,7.6,6.6,8.5,0.074,0.055,0.064,0.083,0.027,0.096,0.65,0.654,0.646,0.653,0.632,0.674,0.525,0.528,0.523,0.528,0.514,0.543,0.663,0.667,0.659,0.667,0.638,0.691
DOE3-13,DOE3,13,39567.1,1414.7,1397.3,1380,1449.5,1172.4,1608,129.7,126,126,133.4,102.9,150.6,0.802,0.822,0.795,0.809,0.74,0.863,0.282,0.269,0.274,0.29,0.231,0.322,7.9,7.8,7.7,8,6.8,8.8,0.079,0.055,0.068,0.09,0.027,0.096,0.651,0.656,0.647,0.655,0.626,0.681,0.503,0.503,0.5,0.505,0.488,0.518,0.664,0.666,0.66,0.668,0.637,0.692
DOE3-14,DOE3,14,41282.5,1450.7,1428.2,1417.2,1484.2,1225.6,1663.7,133.6,130.1,130.2,137,108.5,155.4,0.805,0.83,0.799,0.812,0.748,0.862,0.275,0.264,0.268,0.282,0.226,0.307,7.9,7.8,7.8,8.1,7,8.8,0.073,0.055,0.064,0.083,0.027,0.082,0.649,0.654,0.646,0.653,0.629,0.677,0.511,0.511,0.509,0.513,0.496,0.528,0.665,0.667,0.661,0.669,0.639,0.693
DOE3-15,DOE3,15,49765.8,1482.6,1453.7,1446,1519.1,1230.9,1699.5,135.9,133.2,132,139.7,108.1,159.6,0.8,0.821,0.793,0.807,0.739,0.86,0.277,0.26,0.269,0.284,0.224,0.313,7.6,7.5,7.4,7.7,6.7,8.5,0.079,0.055,0.068,0.09,0.027,0.096,0.647,0.652,0.644,0.651,0.629,0.672,0.525,0.526,0.522,0.527,0.51,0.544,0.661,0.663,0.658,0.665,0.633,0.69
DOE3-16,DOE3,16,30856.5,1378.6,1360.5,1345.2,1412,1136.1,1577.2,125.2,122.6,121.8,128.6,100.3,146.2,0.804,0.827,0.797,0.811,0.741,0.864,0.29,0.274,0.282,0.298,0.235,0.333,8.4,8.4,8.3,8.6,7.5,9.4,0.097,0.068,0.085,0.108,0.027,0.11,0.621,0.626,0.616,0.626,0.593,0.656,0.511,0.514,0.509,0.513,0.496,0.527,0.667,0.669,0.663,0.67,0.645,0.692
DOE3-17,DOE3,17,40471.8,1423.5,1399.7,1389.4,1457.5,1200.4,1639.5,132,128.1,128.4,135.5,107.3,153.1,0.799,0.814,0.792,0.806,0.739,0.86,0.282,0.269,0.274,0.289,0.226,0.315,8.6,8.4,8.4,8.7,7.5,9.5,0.087,0.055,0.074,0.1,0.027,0.096,0.62,0.627,0.615,0.625,0.593,0.656,0.518,0.52,0.516,0.52,0.503,0.534,0.663,0.666,0.659,0.667,0.639,0.691
DOE3-18,DOE3,18,47549.3,1467.2,1446.5,1431.5,1503,1198.7,1704.8,135.1,132.2,131.3,138.9,109.2,158.7,0.803,0.827,0.796,0.81,0.742,0.864,0.278,0.266,0.271,0.286,0.223,0.32,7.6,7.5,7.4,7.7,6.7,8.5,0.078,0.055,0.068,0.088,0.027,0.096,0.644,0.648,0.64,0.647,0.623,0.67,0.522,0.522,0.52,0.525,0.507,0.542,0.663,0.666,0.659,0.667,0.638,0.689
DOE3-19,DOE3,19,19373.4,1278.2,1251.7,1249.3,1307.1,1092.9,1443.4,117.9,114.8,114.9,120.8,97.3,136.2,0.81,0.824,0.803,0.816,0.755,0.866,0.31,0.3,0.302,0.317,0.26,0.343,8.9,8.8,8.7,9,7.9,9.7,0.117,0.068,0.101,0.132,0.027,0.123,0.58,0.59,0.574,0.586,0.544,0.621,0.515,0.516,0.513,0.517,0.503,0.53,0.672,0.674,0.668,0.675,0.649,0.697
DOE3-2,DOE3,2,50843.6,1478.4,1454.6,1440.7,1516,1190.3,1724.5,135.5,131.5,131.5,139.4,106.2,160.1,0.803,0.824,0.796,0.81,0.743,0.862,0.273,0.26,0.265,0.281,0.216,0.317,7.6,7.6,7.5,7.7,6.5,8.5,0.074,0.055,0.064,0.084,0.027,0.086,0.665,0.669,0.661,0.668,0.644,0.694,0.506,0.507,0.504,0.509,0.491,0.525,0.664,0.669,0.661,0.668,0.639,0.69
DOE3-20,DOE3,20,23173,1301.2,1265.6,1270.8,1331.6,1081.8,1485,120.3,117,117.2,123.5,98.2,139.7,0.802,0.805,0.795,0.808,0.751,0.86,0.308,0.298,0.3,0.316,0.253,0.353,8.8,8.8,8.7,9,7.8,9.8,0.118,0.055,0.101,0.134,0.027,0.11,0.58,0.59,0.574,0.586,0.549,0.619,0.523,0.524,0.521,0.525,0.509,0.539,0.673,0.675,0.669,0.676,0.648,0.698
DOE3-21,DOE3,21,51993.7,1481,1470.7,1442.9,1519.1,1198.2,1728.1,136.6,132.2,132.7,140.5,108.3,161.6,0.805,0.831,0.798,0.812,0.748,0.865,0.278,0.26,0.27,0.286,0.22,0.319,7.8,7.8,7.7,7.9,6.7,8.8,0.088,0.055,0.075,0.1,0.027,0.096,0.636,0.644,0.631,0.64,0.613,0.666,0.527,0.529,0.525,0.53,0.512,0.546,0.662,0.664,0.658,0.665,0.641,0.684
DOE3-22,DOE3,22,10928.9,1155.8,1134.8,1128.7,1183,965.7,1332.2,108.4,105.9,105.6,111.1,89.1,126.7,0.812,0.81,0.806,0.817,0.773,0.854,0.347,0.332,0.337,0.356,0.281,0.392,9,8.9,8.9,9.1,8,9.9,0.18,0.082,0.156,0.204,0.041,0.178,0.537,0.541,0.529,0.544,0.495,0.589,0.514,0.515,0.512,0.516,0.501,0.528,0.674,0.677,0.67,0.677,0.65,0.699
DOE3-23,DOE3,23,14755.1,1164.7,1127.8,1134,1195.4,933.8,1327.3,108.9,105,105.8,112,87.2,124.3,0.814,0.815,0.808,0.819,0.774,0.862,0.349,0.335,0.34,0.358,0.284,0.406,8.9,8.8,8.8,9.1,7.8,10,0.186,0.082,0.162,0.21,0.041,0.205,0.532,0.536,0.524,0.539,0.488,0.589,0.521,0.523,0.519,0.524,0.508,0.536,0.677,0.68,0.673,0.68,0.653,0.703
DOE3-25,DOE3,25,4455.9,994.4,959.7,969.6,1019.3,816.8,1147.8,93.1,89.9,90.6,95.6,75.1,106.7,0.828,0.833,0.823,0.832,0.798,0.862,0.405,0.395,0.395,0.416,0.326,0.467,8.6,8.5,8.5,8.8,7.5,9.6,0.292,0.123,0.259,0.325,0.055,0.418,0.488,0.496,0.48,0.496,0.445,0.542,0.51,0.512,0.508,0.513,0.496,0.526,0.676,0.677,0.673,0.68,0.655,0.702
DOE3-26,DOE3,26,5383.4,1033.7,1010.9,1008.5,1059,849,1178.9,97.1,95.3,94.6,99.6,78.9,111.7,0.829,0.834,0.825,0.834,0.806,0.861,0.391,0.376,0.381,0.401,0.321,0.448,8.8,8.7,8.6,9,7.8,9.7,0.256,0.11,0.226,0.286,0.055,0.315,0.491,0.495,0.484,0.499,0.445,0.545,0.517,0.519,0.515,0.519,0.502,0.533,0.672,0.676,0.668,0.675,0.647,0.698
DOE3-27,DOE3,27,50885.8,1463.5,1424.6,1427.7,1499.2,1204.4,1698.8,135.4,130.6,131.5,139.3,108,158.5,0.807,0.82,0.8,0.813,0.747,0.866,0.279,0.269,0.271,0.286,0.225,0.319,8.6,8.5,8.4,8.9,7.5,9.5,0.085,0.055,0.073,0.097,0.027,0.096,0.605,0.611,0.6,0.61,0.577,0.642,0.537,0.538,0.535,0.539,0.522,0.554,0.665,0.668,0.661,0.669,0.639,0.693
DOE3-3,DOE3,3,52732.8,1499.8,1490.8,1463.5,1536.1,1244.5,1705.2,138.7,137.8,134.9,142.4,112,161.7,0.802,0.821,0.795,0.809,0.743,0.861,0.272,0.256,0.265,0.28,0.224,0.311,7.6,7.5,7.4,7.7,6.6,8.4,0.072,0.055,0.062,0.081,0.014,0.082,0.651,0.656,0.647,0.654,0.631,0.676,0.526,0.529,0.523,0.528,0.511,0.545,0.662,0.666,0.658,0.666,0.638,0.689
DOE3-4,DOE3,4,37552.3,1408.8,1365.9,1374.2,1443.3,1162,1653.8,128.6,124.1,124.9,132.2,102.5,151,0.797,0.821,0.79,0.804,0.739,0.858,0.284,0.274,0.276,0.292,0.226,0.322,7.4,7.3,7.3,7.5,6.5,8.3,0.082,0.055,0.071,0.093,0.027,0.096,0.666,0.67,0.662,0.67,0.646,0.692,0.496,0.497,0.493,0.498,0.482,0.513,0.662,0.66,0.658,0.666,0.635,0.689
DOE3-5,DOE3,5,41949.5,1445.6,1398.7,1410.4,1480.7,1198.5,1663.7,131.7,126.2,128,135.4,104.9,155.6,0.797,0.819,0.789,0.804,0.737,0.856,0.277,0.267,0.27,0.285,0.224,0.315,7.5,7.4,7.4,7.6,6.5,8.5,0.079,0.055,0.069,0.089,0.027,0.096,0.663,0.667,0.659,0.667,0.642,0.689,0.506,0.508,0.503,0.508,0.491,0.523,0.663,0.665,0.659,0.666,0.638,0.692
DOE3-6,DOE3,6,52919.1,1492.3,1458.6,1455,1529.6,1203.9,1771.5,136.8,132.9,132.8,140.7,105.8,164.4,0.806,0.831,0.799,0.813,0.748,0.861,0.275,0.263,0.267,0.282,0.214,0.318,7.6,7.5,7.4,7.9,6.5,8.5,0.075,0.055,0.065,0.085,0.027,0.096,0.651,0.655,0.647,0.654,0.628,0.679,0.524,0.528,0.521,0.526,0.506,0.542,0.666,0.667,0.663,0.67,0.643,0.693
DOE3-7,DOE3,7,37125,1408.1,1385.9,1373.3,1442.8,1151.2,1630.3,127.9,125.5,124.3,131.6,99.6,151.5,0.796,0.819,0.788,0.803,0.736,0.859,0.284,0.269,0.276,0.291,0.228,0.324,7.4,7.4,7.2,7.5,6.4,8.2,0.081,0.055,0.07,0.092,0.027,0.096,0.666,0.67,0.662,0.67,0.644,0.694,0.497,0.497,0.495,0.499,0.484,0.515,0.665,0.671,0.661,0.668,0.643,0.692
DOE3-8,DOE3,8,43180.4,1460.8,1438.8,1425.6,1496.1,1205.6,1666.7,133,130.7,129.3,136.6,106.8,154.4,0.804,0.824,0.798,0.811,0.745,0.862,0.274,0.261,0.267,0.281,0.224,0.313,7.5,7.5,7.4,7.7,6.6,8.4,0.071,0.055,0.063,0.079,0.027,0.096,0.665,0.669,0.661,0.668,0.646,0.689,0.507,0.508,0.505,0.509,0.492,0.523,0.664,0.666,0.66,0.668,0.64,0.692
DOE3-9,DOE3,9,43204.7,1448.2,1422.7,1412.3,1484.2,1194.8,1664.7,132.1,128,128.4,135.9,106,156.5,0.795,0.814,0.788,0.802,0.73,0.858,0.283,0.271,0.275,0.291,0.227,0.319,7.4,7.4,7.3,7.5,6.5,8.3,0.087,0.055,0.075,0.098,0.027,0.096,0.646,0.65,0.643,0.65,0.625,0.672,0.522,0.524,0.52,0.525,0.508,0.541,0.662,0.665,0.658,0.666,0.635,0.69
DOE3-24,DOE3,24,47603.4,1449.8,1416.7,1413.2,1486.4,1184.4,1705.5,134.1,129.5,130.2,137.9,105.6,159,0.8,0.827,0.793,0.807,0.739,0.861,0.284,0.269,0.276,0.293,0.223,0.326,8.1,8.1,7.9,8.2,7,9,0.094,0.055,0.079,0.108,0.027,0.096,0.62,0.626,0.615,0.624,0.593,0.655,0.531,0.533,0.529,0.534,0.515,0.548,0.664,0.667,0.661,0.668,0.641,0.689
DOE3-55,DOE3,55,42248.2,1437.7,1411.9,1401.6,1473.8,1176.2,1616.3,129.7,125.5,125.9,133.6,102,149.2,0.804,0.834,0.797,0.812,0.74,0.862,0.273,0.259,0.266,0.281,0.225,0.314,7.6,7.5,7.4,7.7,6.6,8.4,0.081,0.055,0.069,0.093,0.014,0.096,0.681,0.685,0.677,0.684,0.66,0.703,0.522,0.523,0.519,0.524,0.505,0.54,0.664,0.667,0.66,0.668,0.639,0.692
DOE3-56,DOE3,56,32975.9,1404.1,1376.8,1370.6,1437.5,1168.6,1596,126.4,122.6,122.9,129.8,102.1,146.5,0.804,0.83,0.797,0.811,0.742,0.861,0.28,0.268,0.273,0.288,0.23,0.319,7.4,7.3,7.3,7.6,6.5,8.3,0.074,0.055,0.065,0.083,0.027,0.096,0.672,0.677,0.669,0.675,0.652,0.695,0.527,0.528,0.524,0.53,0.508,0.547,0.664,0.668,0.66,0.668,0.637,0.692
DOE3-57,DOE3,57,40223.9,1433,1379.8,1397.4,1468.6,1182.4,1639,129.2,124.2,125.5,133,103.9,150.5,0.803,0.826,0.796,0.81,0.746,0.863,0.28,0.273,0.273,0.288,0.229,0.318,7.4,7.3,7.3,7.5,6.4,8.2,0.077,0.055,0.068,0.086,0.027,0.096,0.657,0.66,0.654,0.66,0.636,0.68,0.545,0.545,0.542,0.547,0.527,0.565,0.666,0.669,0.662,0.669,0.64,0.691
DOE3-58,DOE3,58,38824.3,1423.3,1398.8,1386.6,1460.1,1165.3,1637,128,126,124.2,131.8,100.6,151.1,0.798,0.824,0.791,0.806,0.734,0.86,0.28,0.264,0.271,0.288,0.224,0.32,7.5,7.5,7.4,7.7,6.5,8.5,0.087,0.055,0.074,0.101,0.027,0.096,0.678,0.684,0.673,0.682,0.658,0.706,0.519,0.523,0.517,0.522,0.502,0.54,0.659,0.659,0.655,0.664,0.633,0.687
DOE3-59,DOE3,59,38879.3,1437.2,1411.5,1401.9,1472.6,1176.4,1673,129.9,124.5,126.3,133.5,103.5,152.7,0.801,0.825,0.794,0.808,0.735,0.864,0.275,0.263,0.268,0.283,0.22,0.315,7.6,7.5,7.4,7.7,6.7,8.4,0.074,0.055,0.064,0.084,0.027,0.082,0.674,0.677,0.67,0.677,0.652,0.698,0.528,0.529,0.525,0.531,0.51,0.547,0.665,0.667,0.661,0.668,0.64,0.692
DOE3-62,DOE3,62,32234.5,1411.9,1386.7,1379.5,1444.4,1180.1,1643.2,127.4,124.6,124.1,130.8,103.6,151.5,0.799,0.822,0.792,0.806,0.739,0.86,0.278,0.267,0.271,0.285,0.225,0.312,7.5,7.5,7.4,7.6,6.6,8.3,0.078,0.055,0.068,0.088,0.027,0.096,0.671,0.676,0.668,0.675,0.649,0.698,0.528,0.529,0.526,0.531,0.51,0.548,0.665,0.669,0.662,0.669,0.641,0.693
DOE3-64,DOE3,64,35724.5,1393.7,1362.9,1357.8,1429.6,1144.6,1626.8,125.9,122.1,122.1,129.7,99.5,150.7,0.795,0.816,0.788,0.802,0.736,0.859,0.285,0.27,0.277,0.294,0.222,0.325,7.5,7.5,7.4,7.7,6.7,8.5,0.091,0.055,0.079,0.104,0.027,0.096,0.671,0.678,0.667,0.675,0.646,0.7,0.519,0.522,0.516,0.522,0.501,0.539,0.658,0.66,0.655,0.662,0.634,0.684
DOE3-66,DOE3,66,49189.9,1487.1,1449.2,1449.3,1524.8,1225.7,1718,135.4,131.6,131.5,139.2,108,159.6,0.797,0.817,0.79,0.805,0.735,0.862,0.272,0.259,0.264,0.28,0.216,0.308,7.5,7.4,7.4,7.6,6.6,8.4,0.079,0.055,0.068,0.09,0.027,0.096,0.661,0.665,0.657,0.664,0.638,0.688,0.549,0.551,0.546,0.552,0.529,0.571,0.663,0.664,0.659,0.667,0.64,0.692
DOE3-67,DOE3,67,33138.3,1396.3,1375.6,1360.9,1431.8,1148.1,1641.3,126,123.8,122.4,129.5,99.4,150.6,0.799,0.817,0.791,0.806,0.737,0.862,0.284,0.269,0.276,0.293,0.224,0.321,7.8,7.7,7.6,7.9,6.8,8.7,0.087,0.055,0.074,0.1,0.027,0.096,0.662,0.67,0.658,0.667,0.638,0.695,0.526,0.528,0.524,0.529,0.511,0.545,0.664,0.668,0.66,0.668,0.64,0.692
DOE3-68,DOE3,68,33492.9,1385.1,1338.4,1349.7,1420.5,1150.8,1560.9,124.9,119.8,121.2,128.5,101.2,142.7,0.796,0.819,0.788,0.803,0.731,0.861,0.287,0.277,0.279,0.295,0.236,0.324,7.8,7.8,7.7,7.9,6.8,8.6,0.092,0.055,0.079,0.105,0.027,0.096,0.653,0.656,0.648,0.657,0.63,0.682,0.53,0.531,0.527,0.532,0.513,0.548,0.663,0.667,0.659,0.667,0.637,0.693
DOE3-69,DOE3,69,45856.1,1472.2,1431.1,1436.5,1507.9,1223.6,1671.1,133.8,130.2,130.1,137.5,107.8,155.1,0.803,0.823,0.796,0.81,0.738,0.862,0.272,0.263,0.265,0.279,0.223,0.307,7.7,7.5,7.5,7.8,6.7,8.4,0.068,0.055,0.06,0.076,0.014,0.096,0.659,0.663,0.656,0.663,0.638,0.683,0.547,0.549,0.544,0.55,0.529,0.568,0.661,0.663,0.657,0.665,0.637,0.689
DOE3-70,DOE3,70,26984.9,1379.3,1357.6,1347.9,1410.8,1147.1,1571.5,124.7,123,121.6,127.8,101.9,143.6,0.804,0.821,0.797,0.811,0.741,0.863,0.282,0.27,0.275,0.289,0.234,0.322,8.4,8.3,8.3,8.5,7.4,9.4,0.084,0.055,0.073,0.096,0.027,0.096,0.64,0.647,0.635,0.644,0.611,0.673,0.534,0.535,0.531,0.536,0.519,0.55,0.668,0.671,0.665,0.672,0.647,0.693
DOE3-71,DOE3,71,31300.5,1389.5,1370.9,1355.1,1423.8,1129.9,1627.1,125.3,123.2,121.9,128.8,99.9,144.5,0.807,0.826,0.8,0.814,0.75,0.864,0.285,0.268,0.278,0.293,0.229,0.326,8.4,8.5,8.3,8.6,7.5,9.4,0.09,0.055,0.078,0.103,0.027,0.096,0.631,0.64,0.626,0.637,0.604,0.669,0.54,0.544,0.538,0.543,0.524,0.559,0.668,0.674,0.664,0.671,0.644,0.695
DOE3-72,DOE3,72,42238.1,1463.5,1451.2,1428.5,1498.5,1225.2,1684.5,133.1,129.8,129.5,136.7,108.9,155.3,0.802,0.83,0.794,0.809,0.742,0.866,0.275,0.26,0.268,0.283,0.221,0.307,7.6,7.5,7.5,7.8,6.6,8.5,0.08,0.055,0.068,0.092,0.027,0.082,0.656,0.663,0.653,0.66,0.636,0.683,0.546,0.549,0.543,0.549,0.528,0.568,0.663,0.665,0.66,0.667,0.641,0.691
DOE3-73,DOE3,73,17123.3,1278.1,1275.9,1249.5,1306.6,1080.8,1465.6,116.5,115,113.6,119.4,95.3,134.6,0.809,0.817,0.803,0.815,0.76,0.863,0.305,0.287,0.297,0.312,0.251,0.344,8.9,8.9,8.8,9.1,7.9,9.8,0.112,0.062,0.096,0.127,0.027,0.11,0.597,0.606,0.592,0.603,0.567,0.638,0.54,0.54,0.538,0.543,0.525,0.557,0.672,0.676,0.669,0.676,0.651,0.695
DOE3-74,DOE3,74,18248.5,1287.8,1272.1,1258.2,1317.3,1064.9,1489.9,117.7,118.2,114.8,120.5,95.3,135.3,0.807,0.812,0.801,0.814,0.755,0.865,0.304,0.29,0.297,0.312,0.247,0.351,9,9,8.9,9.2,7.9,9.9,0.109,0.068,0.093,0.125,0.027,0.11,0.587,0.598,0.581,0.594,0.548,0.633,0.547,0.547,0.545,0.549,0.532,0.563,0.67,0.673,0.667,0.674,0.648,0.696
DOE3-75,DOE3,75,60167.2,1446.1,1414.5,1405.5,1486.7,1145,1677.2,132.9,128.4,128.2,137.6,103.4,156.2,0.796,0.822,0.788,0.803,0.727,0.866,0.283,0.265,0.274,0.292,0.223,0.328,7.8,7.7,7.5,8.2,6.5,8.6,0.092,0.055,0.079,0.105,0.027,0.096,0.646,0.652,0.641,0.65,0.62,0.677,0.549,0.552,0.546,0.552,0.53,0.571,0.666,0.67,0.663,0.67,0.64,0.692
DOE3-76,DOE3,76,7996.8,1103.1,1061.8,1076.6,1129.6,907.4,1261.9,101.5,97.5,98.8,104.2,80.6,119.1,0.81,0.809,0.804,0.815,0.774,0.853,0.355,0.347,0.347,0.364,0.291,0.409,8.9,8.8,8.8,9.1,7.9,9.9,0.203,0.089,0.178,0.228,0.041,0.274,0.538,0.551,0.531,0.546,0.488,0.593,0.536,0.537,0.534,0.538,0.52,0.553,0.673,0.674,0.67,0.677,0.651,0.697
DOE3-77,DOE3,77,10338.2,1142.7,1109.3,1115,1170.3,938.2,1306.2,105.4,102.1,102.6,108.2,85.4,121.4,0.817,0.816,0.812,0.823,0.781,0.864,0.345,0.332,0.336,0.354,0.281,0.397,9.1,9,8.9,9.2,8,10,0.174,0.082,0.15,0.197,0.027,0.164,0.542,0.552,0.534,0.549,0.501,0.593,0.543,0.545,0.54,0.545,0.527,0.561,0.675,0.68,0.672,0.679,0.654,0.7
DOE3-78,DOE3,78,37652.4,1430.7,1403,1395.4,1466.1,1157,1646.9,129.4,126.9,125.8,132.9,102.5,152.2,0.799,0.824,0.792,0.806,0.736,0.861,0.282,0.268,0.274,0.289,0.228,0.324,8.1,8,7.9,8.2,7.1,9,0.093,0.062,0.08,0.105,0.027,0.096,0.632,0.639,0.628,0.637,0.605,0.664,0.554,0.555,0.551,0.557,0.538,0.575,0.661,0.662,0.657,0.665,0.634,0.687
DOE3-79,DOE3,79,2604.3,968.1,944.8,945.3,990.9,791.2,1120.6,89.8,86.6,87.5,92.1,73,104.4,0.829,0.833,0.824,0.833,0.802,0.864,0.404,0.39,0.394,0.414,0.326,0.466,8.6,8.5,8.5,8.7,7.6,9.5,0.282,0.11,0.25,0.314,0.055,0.438,0.498,0.508,0.49,0.506,0.448,0.56,0.53,0.531,0.527,0.532,0.514,0.547,0.677,0.678,0.674,0.68,0.656,0.702
DOE3-80,DOE3,80,3291,983,969,958.7,1007.2,805.7,1126,90.8,88.5,88.4,93.2,74,105.2,0.829,0.834,0.824,0.834,0.803,0.865,0.402,0.384,0.392,0.413,0.329,0.464,8.6,8.4,8.4,8.7,7.5,9.5,0.29,0.11,0.256,0.324,0.055,0.438,0.496,0.51,0.487,0.504,0.44,0.559,0.535,0.537,0.532,0.537,0.517,0.553,0.673,0.676,0.669,0.676,0.649,0.699
DOE3-81,DOE3,81,33681.1,1407.6,1401.1,1374.8,1440.4,1166.3,1609.5,128,125,124.6,131.4,101.3,151,0.803,0.822,0.796,0.81,0.741,0.864,0.284,0.269,0.276,0.291,0.232,0.324,8.4,8.3,8.2,8.5,7.5,9.4,0.087,0.055,0.076,0.098,0.027,0.096,0.615,0.625,0.61,0.619,0.583,0.649,0.558,0.56,0.556,0.561,0.54,0.58,0.667,0.666,0.663,0.67,0.643,0.694
DOE1-1,DOE1,1,64794.9,1711,1672.7,1669.5,1752.4,1405.5,1961,140.6,135.2,136.3,144.8,110.1,169.4,0.801,0.82,0.794,0.808,0.744,0.858,0.288,0.278,0.28,0.295,0.236,0.331,6.9,6.8,6.7,7,5.8,7.6,0.074,0.055,0.064,0.083,0.024,0.082,0.642,0.644,0.638,0.646,0.618,0.67,0.603,0.603,0.6,0.605,0.586,0.623,0.66,0.661,0.656,0.664,0.639,0.689
DOE1-10,DOE1,10,88557.6,1725.9,1710.9,1680.3,1771.4,1425.4,1972.8,143.1,137.9,137.9,148.4,110.3,166.5,0.801,0.822,0.794,0.808,0.741,0.861,0.288,0.271,0.28,0.296,0.236,0.326,7,6.9,6.8,7.2,5.9,7.8,0.079,0.055,0.068,0.09,0.027,0.096,0.641,0.646,0.637,0.644,0.617,0.667,0.604,0.606,0.6,0.607,0.585,0.624,0.661,0.666,0.657,0.665,0.636,0.688
DOE1-13,DOE1,13,75568,1704.4,1684.2,1663,1745.9,1438.4,1938.9,141.3,137.5,136.6,146.1,113.3,163.3,0.795,0.816,0.788,0.802,0.729,0.858,0.288,0.274,0.28,0.295,0.238,0.323,7,6.9,6.8,7.2,6,7.8,0.076,0.055,0.066,0.086,0.014,0.096,0.641,0.645,0.638,0.645,0.62,0.666,0.602,0.604,0.6,0.605,0.584,0.622,0.664,0.665,0.661,0.668,0.64,0.691
DOE1-14,DOE1,14,16362.7,1360,1325.9,1327.7,1392.3,1139.5,1549.5,110.2,105.6,107,113.3,88.4,131,0.796,0.824,0.789,0.803,0.732,0.857,0.282,0.273,0.275,0.29,0.231,0.319,7.4,7.3,7.2,7.5,6.5,8.2,0.079,0.055,0.069,0.09,0.027,0.096,0.717,0.72,0.713,0.721,0.697,0.744,0.487,0.487,0.485,0.49,0.471,0.503,0.66,0.663,0.656,0.664,0.633,0.69
DOE1-15,DOE1,15,13715.5,1361,1332.1,1331,1391,1158.2,1569.4,110.5,107.4,107.6,113.4,89.9,129.5,0.805,0.827,0.798,0.812,0.746,0.864,0.266,0.257,0.259,0.273,0.217,0.298,7.6,7.4,7.4,7.7,6.6,8.5,0.072,0.055,0.063,0.082,0.027,0.082,0.743,0.745,0.74,0.746,0.727,0.765,0.459,0.46,0.456,0.461,0.445,0.475,0.663,0.667,0.659,0.667,0.638,0.691
DOE1-16,DOE1,16,45602.4,1658.7,1637.4,1623.7,1693.7,1427.6,1881.3,135.4,132.5,131.8,138.9,111.4,157.1,0.806,0.829,0.799,0.813,0.747,0.866,0.294,0.283,0.287,0.301,0.247,0.326,7,6.9,6.9,7.1,6.2,7.7,0.078,0.055,0.067,0.088,0.027,0.096,0.636,0.641,0.632,0.639,0.617,0.66,0.595,0.597,0.593,0.598,0.579,0.614,0.664,0.667,0.66,0.668,0.638,0.692
DOE1-17,DOE1,17,13761.8,1326.8,1295.3,1297.1,1356.6,1119.3,1513.4,107.1,102.1,104,110.2,85.5,125.2,0.804,0.822,0.797,0.811,0.737,0.868,0.288,0.279,0.281,0.295,0.24,0.328,7.6,7.5,7.5,7.7,6.7,8.5,0.083,0.055,0.073,0.094,0.027,0.096,0.71,0.713,0.706,0.713,0.689,0.735,0.481,0.482,0.478,0.483,0.465,0.497,0.659,0.661,0.655,0.663,0.632,0.688
DOE1-18,DOE1,18,11611.1,1267.2,1245.4,1236.1,1298.3,1040.9,1464.5,102.2,99,99,105.3,80.3,120.1,0.803,0.83,0.795,0.81,0.736,0.867,0.29,0.275,0.282,0.298,0.234,0.334,7.6,7.5,7.4,7.7,6.6,8.4,0.089,0.055,0.076,0.101,0.027,0.096,0.726,0.729,0.723,0.73,0.705,0.752,0.449,0.45,0.447,0.451,0.432,0.465,0.658,0.661,0.654,0.661,0.635,0.684
DOE1-19,DOE1,19,69051.5,1611.6,1576.6,1570.3,1652.9,1345.2,1843.3,132.3,128.3,127.2,137.4,104,149.4,0.806,0.829,0.798,0.813,0.738,0.87,0.305,0.291,0.298,0.313,0.253,0.349,7.1,6.9,6.9,7.3,6.1,7.8,0.076,0.055,0.067,0.086,0.027,0.096,0.629,0.634,0.626,0.633,0.604,0.657,0.591,0.591,0.588,0.594,0.571,0.61,0.659,0.659,0.654,0.663,0.635,0.689
DOE1-2,DOE1,2,29975.4,1464.8,1434.1,1428.7,1500.9,1204,1698.9,120.6,117.8,116.9,124.3,94.4,142.3,0.798,0.82,0.792,0.805,0.746,0.854,0.263,0.251,0.256,0.271,0.211,0.302,7.1,7,6.9,7.2,6.2,7.9,0.073,0.055,0.063,0.083,0.027,0.082,0.736,0.739,0.733,0.739,0.717,0.761,0.495,0.496,0.492,0.497,0.478,0.512,0.665,0.668,0.661,0.669,0.638,0.693
DOE1-20,DOE1,20,10184.1,1257.3,1241.1,1227.5,1287.2,1043.4,1452.5,100.4,97.7,97.3,103.5,77.9,118.6,0.807,0.839,0.799,0.815,0.736,0.878,0.31,0.293,0.301,0.318,0.248,0.352,7.7,7.7,7.6,7.9,6.8,8.6,0.105,0.068,0.09,0.12,0.027,0.099,0.695,0.701,0.691,0.7,0.67,0.725,0.47,0.471,0.467,0.472,0.453,0.487,0.654,0.66,0.65,0.658,0.628,0.684
DOE1-21,DOE1,21,6079.4,1196.9,1187.4,1169.1,1224.7,991,1384.6,95.4,93.3,92.6,98.2,73.4,114.1,0.812,0.849,0.804,0.819,0.737,0.879,0.309,0.291,0.3,0.317,0.248,0.352,7.8,7.8,7.7,7.9,6.8,8.8,0.102,0.068,0.088,0.116,0.027,0.11,0.713,0.715,0.709,0.717,0.687,0.743,0.439,0.441,0.436,0.441,0.423,0.456,0.657,0.66,0.654,0.661,0.632,0.685
DOE1-22,DOE1,22,32263.3,1535.9,1497.7,1501.3,1570.5,1281.8,1776.9,124.6,119.6,121.1,128.1,99.3,147.3,0.809,0.841,0.801,0.816,0.74,0.874,0.32,0.308,0.312,0.328,0.261,0.366,6.9,6.8,6.8,7,6.1,7.7,0.094,0.055,0.081,0.107,0.027,0.096,0.62,0.623,0.616,0.624,0.597,0.648,0.583,0.585,0.58,0.586,0.565,0.605,0.654,0.659,0.65,0.658,0.629,0.682
DOE1-23,DOE1,23,5334,1195.5,1170.8,1168.7,1222.4,996,1358.8,93.5,90.7,90.8,96.2,73.3,109.7,0.814,0.851,0.806,0.822,0.741,0.886,0.324,0.312,0.316,0.331,0.267,0.368,7.9,7.7,7.7,8,7,8.6,0.101,0.055,0.087,0.116,0.027,0.11,0.682,0.688,0.678,0.687,0.654,0.712,0.463,0.463,0.461,0.465,0.448,0.479,0.651,0.654,0.647,0.655,0.623,0.679
DOE1-24,DOE1,24,5294.6,1158.4,1123.8,1131.7,1185,964.5,1306.7,91.8,88.5,89,94.5,72.2,107.2,0.813,0.846,0.805,0.821,0.738,0.885,0.32,0.31,0.312,0.328,0.265,0.361,8,7.9,7.8,8.1,7.2,8.8,0.105,0.068,0.091,0.119,0.027,0.11,0.702,0.706,0.698,0.706,0.678,0.733,0.43,0.429,0.427,0.432,0.415,0.445,0.649,0.65,0.645,0.653,0.621,0.679
DOE1-25,DOE1,25,39275.5,1506.3,1471.8,1470.7,1541.9,1264.4,1719.1,122.1,115.8,118,126.2,95.3,140.4,0.808,0.842,0.801,0.816,0.735,0.877,0.327,0.316,0.319,0.335,0.269,0.371,7.1,7,6.9,7.3,6.1,7.8,0.098,0.068,0.085,0.111,0.027,0.11,0.615,0.619,0.61,0.619,0.59,0.644,0.58,0.582,0.577,0.583,0.561,0.6,0.655,0.656,0.651,0.659,0.63,0.683
DOE1-26,DOE1,26,4905.7,1143.1,1097.9,1115.5,1170.7,944.1,1324.2,88.7,83.5,85.9,91.5,67,105.3,0.809,0.785,0.801,0.817,0.74,0.891,0.344,0.335,0.335,0.353,0.275,0.393,8.1,8,7.9,8.2,7.2,9.1,0.14,0.082,0.121,0.159,0.038,0.123,0.667,0.67,0.662,0.671,0.634,0.7,0.454,0.456,0.451,0.457,0.438,0.471,0.649,0.651,0.645,0.653,0.62,0.679
DOE1-27,DOE1,27,4546.4,1106,1065.6,1078.7,1133.3,917.9,1279,87.2,82.4,84.3,90,66.3,102.4,0.808,0.787,0.8,0.816,0.737,0.89,0.341,0.326,0.331,0.35,0.271,0.39,8.1,8.1,8,8.2,7.2,9,0.132,0.068,0.114,0.15,0.027,0.123,0.687,0.694,0.683,0.692,0.658,0.719,0.421,0.422,0.419,0.424,0.406,0.438,0.647,0.649,0.643,0.651,0.621,0.678
DOE1-3,DOE1,3,45785.1,1460.5,1422.5,1418.5,1502.6,1161.9,1671.5,121.4,114.2,116.8,125.9,94.6,141.1,0.798,0.817,0.791,0.806,0.742,0.861,0.254,0.24,0.246,0.261,0.203,0.295,7.3,7.2,7.1,7.4,6.2,8.2,0.069,0.055,0.06,0.077,0.027,0.082,0.757,0.762,0.754,0.76,0.739,0.779,0.465,0.466,0.463,0.468,0.448,0.484,0.662,0.662,0.659,0.666,0.638,0.687
DOE1-4,DOE1,4,68271.6,1743.8,1707.7,1702.6,1785,1452.3,1973,143.6,139.3,139.5,147.8,115,168.2,0.799,0.82,0.792,0.807,0.741,0.861,0.282,0.271,0.275,0.289,0.235,0.318,7,6.8,6.8,7.1,6.1,7.7,0.074,0.055,0.065,0.083,0.027,0.096,0.644,0.647,0.641,0.648,0.623,0.67,0.605,0.606,0.602,0.608,0.588,0.625,0.665,0.667,0.661,0.669,0.641,0.692
DOE1-5,DOE1,5,21500.3,1426.5,1408,1394.5,1458.5,1206.7,1621.1,116.9,113.6,113.6,120.1,94.6,135.7,0.798,0.82,0.791,0.805,0.74,0.857,0.267,0.256,0.261,0.274,0.22,0.3,7,7,6.9,7.2,6.2,7.8,0.073,0.055,0.064,0.083,0.027,0.086,0.734,0.737,0.731,0.737,0.716,0.754,0.493,0.494,0.49,0.495,0.476,0.508,0.664,0.664,0.66,0.668,0.641,0.693
DOE1-6,DOE1,6,38413.1,1429,1383.7,1391.9,1466.1,1175,1613.8,118.7,112.9,114.5,122.9,93.1,134.6,0.806,0.828,0.799,0.813,0.753,0.862,0.254,0.246,0.248,0.26,0.209,0.292,7.3,7.2,7.1,7.4,6.2,8,0.065,0.055,0.058,0.073,0.027,0.086,0.756,0.759,0.753,0.759,0.738,0.775,0.464,0.466,0.461,0.466,0.45,0.478,0.662,0.664,0.658,0.666,0.634,0.691
DOE1-7,DOE1,7,72725.1,1696.4,1642,1653.7,1739.1,1385.9,1962,140.2,133.7,135.5,144.9,110,165.8,0.802,0.825,0.795,0.809,0.742,0.859,0.291,0.281,0.283,0.298,0.234,0.335,6.9,6.8,6.7,7,5.8,7.8,0.08,0.068,0.071,0.089,0.027,0.096,0.64,0.641,0.636,0.643,0.617,0.667,0.602,0.605,0.599,0.605,0.583,0.624,0.663,0.667,0.659,0.667,0.637,0.693
DOE2-1,DOE2,1,155730.1,2125.5,2082.5,2079.1,2171.8,1807,2384.2,174,168.7,169,178.9,138.3,198.7,0.797,0.818,0.79,0.804,0.739,0.853,0.234,0.225,0.228,0.24,0.196,0.265,10.7,10.5,10.5,10.8,9.3,11.8,0.071,0.055,0.062,0.08,0.027,0.082,0.613,0.615,0.609,0.616,0.59,0.641,0.291,0.29,0.289,0.292,0.28,0.302,0.442,0.442,0.437,0.447,0.412,0.476
DOE2-10,DOE2,10,83764.5,1845.3,1817.3,1803.9,1886.8,1552.5,2100.1,150.4,144.5,146.1,154.7,119.4,177.1,0.804,0.825,0.797,0.811,0.748,0.859,0.247,0.234,0.24,0.254,0.201,0.281,9.4,9.3,9.3,9.6,8.4,10.5,0.078,0.055,0.067,0.088,0.027,0.096,0.65,0.654,0.646,0.654,0.629,0.678,0.343,0.343,0.341,0.345,0.331,0.356,0.517,0.519,0.513,0.522,0.485,0.553
DOE2-11,DOE2,11,32774.6,1510.6,1497.5,1475.6,1545.6,1272.4,1699,123.1,120.8,119.4,126.8,99.6,143,0.801,0.827,0.793,0.808,0.739,0.861,0.264,0.249,0.257,0.271,0.22,0.299,8.4,8.3,8.2,8.7,7.5,9.2,0.079,0.055,0.069,0.089,0.027,0.096,0.701,0.706,0.698,0.705,0.679,0.727,0.451,0.454,0.448,0.453,0.435,0.466,0.594,0.595,0.59,0.598,0.567,0.623
DOE2-13,DOE2,13,72660.8,1756.1,1716.9,1717,1795.2,1479.9,2012.6,143.9,139.9,139.6,148.3,114.3,167.5,0.802,0.822,0.795,0.809,0.742,0.859,0.249,0.241,0.243,0.255,0.203,0.283,9.2,9,8.9,9.5,8,10.1,0.07,0.055,0.061,0.078,0.024,0.096,0.664,0.669,0.661,0.668,0.642,0.692,0.368,0.368,0.366,0.369,0.356,0.38,0.548,0.553,0.544,0.553,0.519,0.581
DOE2-14,DOE2,14,24228.9,1458.2,1446.2,1424.3,1492.1,1211.4,1684.8,118.3,115.8,114.9,121.6,92,138.9,0.804,0.825,0.797,0.811,0.742,0.863,0.269,0.254,0.262,0.276,0.216,0.303,7.9,7.8,7.7,8,6.9,8.9,0.076,0.055,0.065,0.086,0.027,0.096,0.712,0.716,0.708,0.716,0.689,0.74,0.468,0.469,0.466,0.47,0.454,0.484,0.628,0.631,0.623,0.632,0.601,0.657
DOE2-15,DOE2,15,22296,1399.3,1366.3,1365.3,1433.3,1163.5,1598.1,113.7,109.2,110.2,117.2,89.9,132.1,0.801,0.818,0.794,0.808,0.739,0.864,0.275,0.264,0.268,0.282,0.225,0.314,7.6,7.4,7.4,7.8,6.6,8.4,0.078,0.055,0.067,0.089,0.027,0.096,0.719,0.723,0.716,0.723,0.699,0.746,0.49,0.49,0.487,0.492,0.472,0.508,0.651,0.652,0.647,0.655,0.627,0.676
DOE2-16,DOE2,16,49017,1635.3,1601.5,1595.1,1675.5,1354.9,1889.7,132.5,129,128.4,136.5,103.4,156.6,0.793,0.818,0.785,0.8,0.731,0.857,0.262,0.251,0.255,0.27,0.209,0.303,8.6,8.4,8.5,8.8,7.5,9.7,0.085,0.055,0.073,0.096,0.027,0.096,0.675,0.678,0.671,0.679,0.648,0.705,0.391,0.39,0.389,0.393,0.378,0.405,0.566,0.568,0.562,0.571,0.537,0.598
DOE2-17,DOE2,17,18964.6,1366.8,1359.8,1333.7,1399.8,1126.7,1558.8,110.5,107.6,107.1,113.9,87.4,129.3,0.798,0.818,0.79,0.805,0.737,0.86,0.281,0.265,0.274,0.288,0.229,0.319,7.5,7.4,7.2,7.7,6.4,8.3,0.086,0.055,0.074,0.098,0.027,0.096,0.718,0.723,0.714,0.721,0.695,0.742,0.488,0.489,0.485,0.491,0.471,0.506,0.659,0.662,0.655,0.663,0.633,0.689
DOE2-18,DOE2,18,29553.3,1372.5,1349.3,1338,1406.9,1131.4,1546.8,112.3,108.3,108.3,116.3,88.5,130.4,0.81,0.838,0.803,0.817,0.752,0.865,0.275,0.261,0.268,0.283,0.226,0.316,7.4,7.2,7,7.8,6.3,8,0.073,0.055,0.063,0.083,0.027,0.082,0.73,0.736,0.727,0.734,0.712,0.754,0.51,0.511,0.507,0.512,0.493,0.526,0.693,0.695,0.689,0.696,0.667,0.717
DOE2-19,DOE2,19,33045.7,1534.9,1528.5,1500.9,1568.9,1282.4,1748.6,125.5,123.2,122,129,99.5,149.4,0.797,0.823,0.79,0.805,0.729,0.861,0.267,0.251,0.26,0.274,0.218,0.3,8.3,8.2,8.1,8.4,7.4,9.1,0.081,0.055,0.07,0.093,0.014,0.096,0.69,0.696,0.686,0.694,0.667,0.716,0.423,0.424,0.421,0.425,0.409,0.437,0.589,0.593,0.585,0.594,0.562,0.619
DOE2-2,DOE2,2,69249.2,1770.4,1739.5,1729.6,1811.2,1457.9,2035.1,144.2,140.9,140.1,148.3,114,170.8,0.8,0.823,0.793,0.807,0.739,0.86,0.239,0.227,0.233,0.246,0.194,0.275,10.3,10.4,10.1,10.5,9.1,11.5,0.074,0.055,0.064,0.083,0.027,0.096,0.678,0.682,0.674,0.681,0.655,0.706,0.406,0.407,0.404,0.408,0.392,0.421,0.452,0.451,0.447,0.457,0.421,0.483
DOE2-20,DOE2,20,12971.4,1319.9,1293.6,1288.6,1351.2,1114.4,1485.4,106.5,105.2,103.4,109.6,85.1,124.2,0.803,0.827,0.796,0.81,0.742,0.863,0.285,0.273,0.278,0.293,0.236,0.319,7.1,7.1,6.9,7.2,6.2,7.8,0.081,0.055,0.07,0.092,0.027,0.096,0.728,0.733,0.724,0.731,0.711,0.75,0.51,0.512,0.507,0.513,0.491,0.53,0.69,0.692,0.686,0.693,0.665,0.716
DOE2-21,DOE2,21,13318.8,1323.1,1312.6,1291.7,1354.5,1074.6,1526.8,108,106.4,104.9,111.1,85.2,127.5,0.814,0.835,0.807,0.821,0.754,0.87,0.28,0.265,0.272,0.287,0.225,0.325,6.9,6.8,6.7,7,5.9,7.7,0.067,0.041,0.058,0.076,0.014,0.082,0.74,0.746,0.737,0.743,0.721,0.763,0.53,0.532,0.527,0.533,0.513,0.549,0.725,0.729,0.722,0.729,0.703,0.748
DOE2-22,DOE2,22,23534.3,1480.3,1473.7,1447.7,1512.8,1245.4,1700.3,119.6,117.4,116.4,122.8,95.6,139.7,0.803,0.828,0.796,0.81,0.743,0.863,0.265,0.252,0.258,0.272,0.216,0.298,8.2,8.2,8.1,8.4,7.2,9.2,0.073,0.055,0.063,0.083,0.014,0.082,0.707,0.71,0.704,0.71,0.686,0.732,0.459,0.461,0.456,0.461,0.441,0.477,0.612,0.615,0.608,0.616,0.586,0.638
DOE2-23,DOE2,23,11851.3,1281.1,1247,1250.4,1311.7,1057.6,1483.1,104.2,100,101.1,107.2,81.4,123.6,0.802,0.827,0.795,0.809,0.746,0.859,0.287,0.276,0.28,0.295,0.232,0.322,6.8,6.8,6.7,6.9,5.8,7.6,0.078,0.055,0.068,0.088,0.027,0.096,0.739,0.743,0.736,0.743,0.719,0.763,0.536,0.537,0.533,0.539,0.518,0.556,0.721,0.724,0.717,0.724,0.702,0.744
DOE2-24,DOE2,24,16508.6,1253.6,1217.7,1222.4,1284.8,1039.7,1454.1,101.9,96.1,98.5,105.4,78.2,120.5,0.799,0.822,0.792,0.806,0.737,0.862,0.29,0.282,0.282,0.297,0.234,0.327,6.6,6.4,6.3,6.9,5.5,7.2,0.08,0.055,0.07,0.091,0.027,0.096,0.745,0.748,0.742,0.749,0.726,0.769,0.551,0.55,0.548,0.554,0.534,0.569,0.751,0.755,0.748,0.754,0.73,0.772
DOE2-25,DOE2,25,18458.1,1410.8,1401.4,1379.5,1442,1187.8,1614.9,114.1,110.2,110.9,117.2,92,134.7,0.807,0.832,0.8,0.814,0.748,0.864,0.266,0.254,0.26,0.273,0.219,0.298,7.9,7.8,7.7,8,7,8.7,0.073,0.055,0.063,0.083,0.014,0.096,0.728,0.733,0.725,0.732,0.709,0.753,0.507,0.508,0.505,0.51,0.494,0.525,0.636,0.636,0.632,0.64,0.61,0.669
DOE2-26,DOE2,26,8365.5,1264.1,1237.7,1236.2,1292.1,1054.7,1478.5,103.1,100.2,100.3,105.8,81.9,123,0.81,0.839,0.803,0.817,0.748,0.868,0.282,0.272,0.275,0.288,0.229,0.318,6.6,6.6,6.5,6.8,5.7,7.5,0.072,0.055,0.063,0.08,0.027,0.096,0.753,0.758,0.75,0.755,0.735,0.774,0.566,0.568,0.564,0.569,0.545,0.588,0.745,0.746,0.743,0.748,0.727,0.766
DOE2-27,DOE2,27,7792.9,1206.5,1186.5,1176.8,1236.2,984.9,1389.1,98.5,96.3,95.6,101.4,77.2,115.3,0.804,0.827,0.796,0.811,0.743,0.866,0.296,0.283,0.288,0.304,0.242,0.337,6.2,6.2,6.1,6.3,5.3,7.1,0.083,0.068,0.073,0.093,0.027,0.096,0.754,0.758,0.751,0.757,0.736,0.777,0.572,0.573,0.569,0.575,0.553,0.594,0.777,0.779,0.774,0.779,0.757,0.798
DOE2-28,DOE2,28,14032.3,1345.3,1320.7,1313.9,1376.6,1124.8,1538.2,108.3,104.4,105.3,111.3,87.3,125.4,0.801,0.822,0.794,0.808,0.741,0.859,0.268,0.26,0.261,0.274,0.221,0.304,7.6,7.5,7.5,7.8,6.6,8.5,0.071,0.055,0.063,0.079,0.027,0.096,0.749,0.751,0.746,0.752,0.731,0.77,0.562,0.564,0.559,0.564,0.543,0.582,0.653,0.656,0.65,0.657,0.626,0.682
DOE2-29,DOE2,29,5732.5,1204.6,1204.9,1176.7,1232.5,1002.2,1398,97.1,96,94.4,99.8,78.2,116.5,0.807,0.833,0.8,0.814,0.746,0.868,0.291,0.274,0.283,0.298,0.236,0.329,6.3,6.3,6.2,6.4,5.5,7.1,0.08,0.055,0.07,0.09,0.027,0.096,0.762,0.767,0.759,0.765,0.745,0.783,0.592,0.593,0.589,0.595,0.572,0.614,0.768,0.772,0.765,0.77,0.751,0.788
DOE2-3,DOE2,3,67912.2,1751.1,1712.2,1708.8,1793.5,1440.7,2022.4,142.4,137.5,138.2,146.6,111.5,167.8,0.799,0.825,0.792,0.805,0.736,0.854,0.237,0.226,0.23,0.243,0.192,0.271,10.5,10.4,10.3,10.7,9.2,11.7,0.073,0.055,0.065,0.081,0.027,0.096,0.692,0.697,0.688,0.695,0.67,0.717,0.433,0.433,0.43,0.435,0.419,0.448,0.453,0.453,0.448,0.457,0.419,0.488
DOE2-30,DOE2,30,7670.5,1179.8,1177.5,1151.3,1208.3,970.1,1368,96.4,92.8,93.5,99.3,76,113.3,0.803,0.825,0.797,0.81,0.743,0.861,0.296,0.28,0.288,0.304,0.241,0.339,6.1,5.9,5.9,6.3,5.2,6.8,0.078,0.055,0.066,0.089,0.027,0.086,0.764,0.768,0.761,0.767,0.747,0.786,0.596,0.597,0.593,0.599,0.574,0.619,0.796,0.797,0.793,0.798,0.779,0.814
DOE2-31,DOE2,31,9027.3,1249.6,1223.6,1217.7,1281.6,1002,1471.9,99.9,98.5,96.8,102.9,76.2,121.6,0.797,0.818,0.789,0.804,0.736,0.861,0.281,0.265,0.273,0.289,0.223,0.329,7.4,7.3,7.2,7.5,6.4,8.2,0.088,0.055,0.077,0.1,0.027,0.11,0.765,0.773,0.761,0.768,0.744,0.79,0.621,0.624,0.617,0.624,0.6,0.643,0.677,0.679,0.673,0.68,0.656,0.699
DOE2-32,DOE2,32,4745.9,1159.3,1139.1,1131.6,1187,963,1336,93.4,91.2,90.7,96,73.6,110.6,0.801,0.827,0.793,0.808,0.739,0.86,0.297,0.285,0.289,0.305,0.244,0.336,6.1,6.1,6,6.3,5.4,7,0.086,0.055,0.074,0.098,0.027,0.096,0.77,0.775,0.767,0.773,0.751,0.79,0.621,0.623,0.617,0.624,0.601,0.644,0.784,0.787,0.781,0.786,0.766,0.803
DOE2-33,DOE2,33,17348.2,1161.8,1121,1132.5,1191.1,989.2,1334.1,95.1,89.9,91.5,98.6,77.2,110.4,0.809,0.837,0.802,0.816,0.745,0.868,0.294,0.287,0.287,0.301,0.242,0.327,6.1,5.8,5.6,6.5,5.2,6.5,0.073,0.055,0.063,0.082,0.027,0.096,0.773,0.774,0.771,0.776,0.759,0.793,0.62,0.623,0.617,0.623,0.597,0.641,0.815,0.817,0.813,0.817,0.8,0.831
DOE2-4,DOE2,4,122263.8,1996.6,1935.5,1950.3,2042.9,1662.2,2290.5,163,154.2,158.2,167.8,128,192.7,0.801,0.826,0.794,0.808,0.743,0.856,0.245,0.235,0.238,0.252,0.197,0.279,10.1,9.8,9.9,10.3,8.8,11.2,0.082,0.055,0.071,0.093,0.027,0.096,0.621,0.625,0.617,0.625,0.595,0.65,0.304,0.304,0.303,0.306,0.294,0.316,0.467,0.468,0.462,0.472,0.437,0.499
DOE2-5,DOE2,5,53367.2,1680.6,1640.3,1642.4,1718.9,1402,1931.1,136.5,132.2,132.6,140.5,108.2,161.2,0.798,0.814,0.791,0.804,0.745,0.857,0.247,0.236,0.24,0.253,0.201,0.281,9.6,9.5,9.4,9.8,8.6,10.6,0.076,0.055,0.066,0.086,0.027,0.096,0.687,0.691,0.683,0.691,0.665,0.713,0.419,0.42,0.417,0.421,0.405,0.434,0.504,0.504,0.499,0.509,0.475,0.538
DOE2-6,DOE2,6,44673.3,1601.8,1573.5,1561.5,1642.1,1287.2,1852.7,128.8,126.2,124.8,132.9,98,155.4,0.799,0.814,0.792,0.806,0.74,0.863,0.256,0.241,0.249,0.263,0.205,0.299,9.3,9.2,9.1,9.5,8.1,10.3,0.084,0.055,0.072,0.097,0.027,0.082,0.694,0.698,0.69,0.698,0.67,0.724,0.443,0.446,0.441,0.446,0.428,0.46,0.514,0.516,0.51,0.519,0.48,0.547
DOE2-7,DOE2,7,106377.8,1939.1,1906.5,1895.4,1982.8,1628.4,2204.8,158.8,156.2,154.3,163.3,127.1,183,0.805,0.825,0.798,0.812,0.749,0.858,0.243,0.231,0.236,0.249,0.197,0.275,9.9,9.6,9.6,10.1,8.7,10.9,0.073,0.055,0.063,0.083,0.027,0.096,0.637,0.64,0.632,0.641,0.613,0.666,0.323,0.323,0.321,0.324,0.313,0.335,0.495,0.497,0.49,0.5,0.461,0.534
DOE2-8,DOE2,8,39284.4,1586.7,1548.7,1548.7,1624.7,1312.4,1837.5,128,122.3,124.3,131.8,100.2,152.4,0.804,0.828,0.798,0.811,0.747,0.862,0.258,0.247,0.251,0.265,0.205,0.294,8.9,8.8,8.7,9,7.7,9.9,0.074,0.055,0.064,0.085,0.027,0.082,0.693,0.695,0.689,0.697,0.671,0.721,0.432,0.433,0.43,0.434,0.417,0.447,0.548,0.549,0.544,0.553,0.522,0.576
DOE2-9,DOE2,9,33076.3,1553.3,1549.7,1517.9,1588.7,1313.2,1792.6,125.9,123.9,122.4,129.4,100,150,0.806,0.832,0.799,0.813,0.747,0.865,0.257,0.241,0.25,0.264,0.208,0.285,8.8,8.8,8.6,8.9,7.7,9.8,0.073,0.055,0.062,0.083,0.027,0.082,0.706,0.71,0.702,0.709,0.685,0.733,0.459,0.461,0.457,0.461,0.445,0.475,0.567,0.566,0.562,0.571,0.536,0.6
DOE3-28,DOE3,28,42567.1,1451.1,1417.8,1414.9,1487.2,1172.3,1687.3,131.5,126.7,127.8,135.2,104.1,158.4,0.804,0.826,0.797,0.811,0.746,0.862,0.274,0.261,0.266,0.281,0.217,0.318,7.6,7.5,7.5,7.7,6.5,8.5,0.075,0.055,0.065,0.085,0.027,0.096,0.675,0.677,0.671,0.679,0.651,0.703,0.51,0.512,0.508,0.513,0.494,0.528,0.662,0.666,0.657,0.666,0.633,0.692
DOE3-29,DOE3,29,63761.9,1426.2,1383.4,1387.5,1464.9,1174.9,1635,131.1,126,126.1,136,103,149.4,0.801,0.825,0.794,0.808,0.744,0.864,0.281,0.269,0.273,0.289,0.227,0.318,7.8,7.4,7.3,8.3,6.5,8.3,0.078,0.055,0.068,0.089,0.027,0.096,0.665,0.672,0.661,0.669,0.644,0.69,0.516,0.516,0.513,0.519,0.498,0.534,0.663,0.666,0.659,0.666,0.637,0.69
DOE3-30,DOE3,30,47192.1,1471,1440,1435.1,1507,1223.3,1694.5,134.4,129.4,130.6,138.1,106.4,156.5,0.804,0.822,0.797,0.811,0.75,0.862,0.275,0.261,0.268,0.283,0.223,0.312,7.5,7.5,7.4,7.7,6.6,8.4,0.078,0.055,0.068,0.088,0.014,0.096,0.654,0.658,0.65,0.657,0.629,0.678,0.536,0.536,0.533,0.539,0.519,0.556,0.665,0.666,0.661,0.669,0.639,0.695
DOE3-31,DOE3,31,41835.6,1440.5,1391.5,1405.3,1475.7,1196.7,1651.6,130.7,127.1,127,134.5,104.5,151,0.808,0.83,0.801,0.815,0.748,0.864,0.274,0.264,0.267,0.281,0.224,0.311,7.6,7.5,7.5,7.7,6.7,8.4,0.071,0.055,0.062,0.081,0.014,0.082,0.675,0.679,0.671,0.679,0.653,0.699,0.51,0.511,0.508,0.513,0.495,0.526,0.664,0.666,0.66,0.668,0.639,0.691
DOE3-32,DOE3,32,50407,1450.7,1437.8,1414.8,1486.5,1196.4,1655.8,132.8,129.8,128.7,136.9,104.4,153.7,0.804,0.824,0.797,0.811,0.74,0.863,0.274,0.26,0.267,0.281,0.225,0.312,7.7,7.6,7.4,8,6.5,8.4,0.074,0.055,0.064,0.084,0.014,0.082,0.668,0.674,0.665,0.672,0.649,0.693,0.517,0.518,0.514,0.519,0.502,0.535,0.66,0.665,0.656,0.664,0.634,0.689
DOE3-33,DOE3,33,52646,1498.4,1466.8,1462,1534.8,1256,1703.9,137,132.2,133.2,140.9,110.3,158.2,0.808,0.833,0.801,0.815,0.748,0.864,0.269,0.257,0.262,0.276,0.222,0.304,7.6,7.5,7.5,7.8,6.7,8.5,0.068,0.055,0.06,0.076,0.014,0.082,0.657,0.661,0.654,0.66,0.635,0.681,0.536,0.537,0.533,0.538,0.52,0.555,0.664,0.665,0.66,0.668,0.637,0.693
DOE3-34,DOE3,34,40555.3,1435.6,1414.6,1400.4,1470.7,1180.7,1655.7,130.4,126.5,126.8,134.1,103.2,153.1,0.797,0.817,0.79,0.804,0.736,0.86,0.275,0.263,0.268,0.282,0.221,0.316,7.5,7.5,7.4,7.6,6.5,8.4,0.072,0.055,0.063,0.081,0.027,0.096,0.675,0.68,0.672,0.679,0.651,0.701,0.51,0.511,0.507,0.512,0.494,0.529,0.662,0.665,0.658,0.666,0.639,0.689
DOE3-35,DOE3,35,38207.6,1424.8,1409.1,1391.1,1458.4,1184.3,1653.6,129.7,126.1,126.2,133.3,104.1,152.3,0.8,0.823,0.793,0.808,0.739,0.863,0.279,0.264,0.271,0.286,0.224,0.318,7.5,7.5,7.3,7.6,6.5,8.3,0.079,0.055,0.068,0.089,0.027,0.096,0.667,0.671,0.663,0.671,0.648,0.695,0.516,0.518,0.514,0.519,0.499,0.535,0.663,0.663,0.659,0.667,0.638,0.69
DOE3-36,DOE3,36,47761.4,1459.8,1415.3,1423,1496.7,1198.5,1688.5,133.7,130.1,129.9,137.6,107.3,157.1,0.799,0.823,0.792,0.807,0.735,0.86,0.278,0.267,0.27,0.285,0.225,0.318,7.5,7.4,7.3,7.6,6.5,8.3,0.082,0.055,0.071,0.094,0.027,0.096,0.652,0.654,0.649,0.656,0.632,0.679,0.534,0.536,0.531,0.537,0.516,0.553,0.663,0.666,0.659,0.667,0.641,0.689
DOE3-37,DOE3,37,47952.8,1398,1333.2,1359.8,1436.1,1137,1622.8,128,121,123.7,132.3,100.1,151.4,0.801,0.83,0.794,0.809,0.731,0.866,0.287,0.277,0.279,0.295,0.227,0.328,7.7,7.3,7.3,8,6.5,8.4,0.087,0.055,0.075,0.099,0.027,0.096,0.666,0.67,0.662,0.67,0.644,0.696,0.508,0.508,0.505,0.511,0.49,0.528,0.66,0.661,0.656,0.663,0.637,0.686
DOE3-38,DOE3,38,38372.4,1439.8,1418.1,1406.4,1473.2,1213.8,1657.2,131,128.2,127.5,134.4,107,150.2,0.803,0.828,0.795,0.81,0.739,0.86,0.275,0.263,0.268,0.282,0.224,0.308,7.6,7.6,7.5,7.7,6.6,8.5,0.074,0.055,0.065,0.084,0.014,0.096,0.667,0.671,0.663,0.67,0.645,0.692,0.519,0.52,0.516,0.521,0.506,0.535,0.664,0.666,0.661,0.668,0.638,0.691
DOE3-39,DOE3,39,61885.2,1479.1,1426.2,1439.8,1518.3,1217.6,1720.3,135.8,130.8,131.2,140.3,105,160.3,0.799,0.82,0.792,0.806,0.74,0.859,0.276,0.265,0.268,0.284,0.219,0.313,7.7,7.5,7.3,8,6.6,8.3,0.085,0.055,0.073,0.096,0.027,0.096,0.653,0.658,0.649,0.657,0.635,0.68,0.536,0.535,0.533,0.539,0.517,0.557,0.662,0.665,0.658,0.666,0.632,0.689
DOE3-40,DOE3,40,38525.5,1428.5,1383.2,1393.8,1463.3,1189.3,1640.3,129.9,124.8,126.3,133.5,106.5,150.4,0.799,0.814,0.792,0.805,0.739,0.861,0.277,0.269,0.27,0.284,0.224,0.314,7.9,7.8,7.7,8,6.9,8.7,0.076,0.055,0.065,0.087,0.027,0.096,0.659,0.664,0.655,0.663,0.634,0.691,0.516,0.517,0.514,0.519,0.502,0.533,0.662,0.663,0.659,0.666,0.636,0.691
DOE3-41,DOE3,41,63535.5,1438.6,1415.8,1397.2,1479.9,1124,1680.5,132.9,128.3,128,137.7,100,156.7,0.799,0.822,0.792,0.806,0.731,0.862,0.282,0.262,0.274,0.291,0.22,0.333,8,7.9,7.6,8.4,6.7,8.8,0.095,0.055,0.081,0.108,0.027,0.099,0.65,0.66,0.645,0.655,0.623,0.685,0.522,0.522,0.52,0.525,0.503,0.541,0.664,0.668,0.66,0.668,0.639,0.692
DOE3-42,DOE3,42,40418.7,1460.1,1448.7,1426.8,1493.4,1204.3,1672.5,132.6,130.5,129.1,136,105.6,154.3,0.806,0.828,0.798,0.813,0.743,0.867,0.275,0.261,0.268,0.282,0.226,0.315,7.6,7.5,7.4,7.7,6.6,8.4,0.075,0.055,0.066,0.085,0.014,0.096,0.653,0.657,0.65,0.657,0.634,0.677,0.535,0.536,0.533,0.537,0.519,0.552,0.66,0.666,0.656,0.664,0.635,0.689
DOE3-43,DOE3,43,26018.7,1379.6,1370.2,1349.7,1409.4,1170.3,1555.8,124.7,120.8,121.7,127.7,103.5,143.5,0.805,0.819,0.798,0.811,0.751,0.862,0.283,0.269,0.276,0.289,0.236,0.318,8.4,8.4,8.3,8.5,7.5,9.2,0.079,0.055,0.07,0.088,0.027,0.096,0.632,0.64,0.628,0.637,0.608,0.665,0.523,0.524,0.521,0.525,0.51,0.537,0.667,0.671,0.663,0.67,0.644,0.691
DOE3-44,DOE3,44,31075,1380.6,1347.6,1347.1,1414.1,1126,1636.2,125,120.9,121.5,128.4,99.9,149.1,0.801,0.824,0.794,0.808,0.736,0.86,0.289,0.276,0.282,0.297,0.229,0.33,8.3,8.4,8.2,8.5,7.3,9.2,0.102,0.068,0.089,0.116,0.027,0.11,0.624,0.632,0.619,0.629,0.593,0.66,0.528,0.531,0.526,0.531,0.514,0.544,0.665,0.666,0.662,0.669,0.642,0.691
DOE3-45,DOE3,45,46627.3,1480,1474.9,1444.4,1515.6,1231.6,1704.7,135.3,131.9,131.6,139,109.4,160.4,0.8,0.821,0.793,0.807,0.74,0.86,0.274,0.257,0.267,0.282,0.221,0.307,7.6,7.6,7.5,7.7,6.7,8.5,0.081,0.055,0.069,0.092,0.027,0.096,0.65,0.656,0.646,0.654,0.629,0.677,0.536,0.54,0.533,0.539,0.517,0.557,0.661,0.661,0.657,0.665,0.632,0.69
DOE3-46,DOE3,46,19371.8,1264.7,1245.7,1233.6,1295.9,1057.9,1462.6,115.9,113.9,112.8,119.1,93.2,135.3,0.81,0.822,0.804,0.816,0.761,0.863,0.314,0.297,0.306,0.323,0.255,0.356,8.8,8.8,8.7,9,7.8,9.7,0.135,0.068,0.116,0.154,0.027,0.123,0.585,0.598,0.578,0.591,0.551,0.633,0.526,0.527,0.524,0.528,0.513,0.543,0.672,0.672,0.668,0.675,0.646,0.698
DOE3-47,DOE3,47,20230.9,1275.1,1248,1245,1305.2,1063.9,1488.7,117.1,114,114,120.2,96.2,137.2,0.807,0.807,0.801,0.813,0.759,0.862,0.311,0.299,0.303,0.319,0.251,0.356,8.9,8.7,8.7,9.1,7.9,9.8,0.115,0.068,0.099,0.131,0.038,0.113,0.582,0.592,0.576,0.588,0.55,0.625,0.532,0.533,0.53,0.534,0.517,0.549,0.672,0.674,0.668,0.676,0.649,0.7
DOE3-48,DOE3,48,50039,1477.8,1457.4,1441.3,1514.2,1234.7,1691.5,136,134.1,132.1,139.8,107.4,158.5,0.799,0.82,0.792,0.807,0.733,0.86,0.274,0.258,0.267,0.281,0.223,0.307,7.8,7.8,7.7,8,6.9,8.8,0.076,0.055,0.067,0.086,0.027,0.096,0.644,0.647,0.64,0.647,0.625,0.669,0.538,0.54,0.535,0.54,0.519,0.558,0.665,0.669,0.661,0.669,0.64,0.694
DOE3-49,DOE3,49,11413.6,1160.5,1161.1,1132.7,1188.2,954.6,1332.2,108.1,107.1,105.3,110.9,87.4,124.2,0.822,0.824,0.816,0.827,0.788,0.863,0.341,0.321,0.333,0.35,0.277,0.39,9.1,9,8.9,9.2,8.1,10,0.161,0.068,0.138,0.184,0.027,0.14,0.545,0.553,0.538,0.552,0.501,0.597,0.527,0.528,0.524,0.529,0.512,0.543,0.675,0.678,0.671,0.678,0.649,0.702
DOE3-50,DOE3,50,8724.2,1129.2,1100.2,1102.9,1155.5,932,1284.3,104.6,100.4,102,107.2,86.3,121.2,0.814,0.812,0.808,0.819,0.778,0.859,0.351,0.339,0.343,0.36,0.291,0.402,8.8,8.8,8.7,9,7.8,9.8,0.181,0.082,0.158,0.204,0.041,0.205,0.536,0.545,0.529,0.543,0.494,0.584,0.53,0.532,0.528,0.532,0.514,0.548,0.675,0.677,0.672,0.679,0.652,0.701
DOE3-51,DOE3,51,42793.8,1445.1,1427.1,1410.1,1480.1,1198.7,1688.4,132.7,128.3,129,136.3,107,157.3,0.796,0.818,0.789,0.803,0.733,0.859,0.28,0.265,0.273,0.288,0.224,0.318,8,8,7.8,8.1,7.1,8.8,0.091,0.055,0.08,0.103,0.027,0.096,0.629,0.635,0.624,0.633,0.603,0.662,0.541,0.542,0.539,0.544,0.525,0.56,0.665,0.668,0.661,0.669,0.641,0.692
DOE3-52,DOE3,52,3266,990.5,989.5,967.3,1013.7,822.7,1132.7,92,90,89.7,94.4,74.1,106.1,0.829,0.834,0.824,0.834,0.807,0.861,0.4,0.379,0.391,0.41,0.327,0.457,8.8,8.6,8.6,8.9,7.8,9.7,0.303,0.123,0.27,0.336,0.055,0.493,0.492,0.504,0.484,0.5,0.436,0.557,0.522,0.522,0.52,0.524,0.506,0.538,0.673,0.676,0.67,0.677,0.653,0.697
DOE3-53,DOE3,53,4303.3,1006.7,978.9,982.5,1031,826.9,1143.5,94,90,91.6,96.3,76.5,106.5,0.829,0.835,0.825,0.834,0.804,0.865,0.396,0.382,0.386,0.405,0.326,0.452,8.8,8.8,8.6,8.9,7.8,9.6,0.273,0.11,0.241,0.305,0.055,0.397,0.489,0.496,0.481,0.497,0.439,0.551,0.526,0.527,0.524,0.528,0.512,0.541,0.674,0.675,0.67,0.677,0.651,0.697
DOE3-54,DOE3,54,40811.3,1430.4,1402.7,1395.2,1465.5,1177.8,1630.8,131.3,128.2,127.7,134.9,106,153.1,0.8,0.82,0.793,0.807,0.74,0.86,0.285,0.269,0.276,0.293,0.232,0.322,8.4,8.5,8.3,8.6,7.5,9.3,0.092,0.055,0.078,0.106,0.027,0.11,0.609,0.615,0.604,0.614,0.584,0.644,0.546,0.549,0.543,0.548,0.528,0.565,0.667,0.671,0.663,0.671,0.645,0.692
DOE1-11,DOE1,11.0,26818.0,1437.3,1390.5,1403.1,1471.6,1181.8,1647.4,117.6,115.2,114.0,121.2,91.3,138.2,0.806,0.836,0.799,0.813,0.741,0.864,0.266,0.26,0.26,0.273,0.217,0.307,7.5,7.4,7.3,7.7,6.5,8.3,0.073,0.055,0.063,0.082,0.027,0.086,0.727,0.729,0.724,0.73,0.707,0.751,0.492,0.492,0.489,0.494,0.475,0.508,0.66,0.661,0.656,0.664,0.633,0.688
DOE1-12,DOE1,12.0,15505.5,1372.0,1335.2,1340.7,1403.2,1156.4,1577.0,111.3,108.0,108.3,114.4,89.9,131.6,0.808,0.831,0.801,0.815,0.747,0.861,0.265,0.255,0.258,0.272,0.214,0.298,7.4,7.4,7.3,7.6,6.5,8.2,0.07,0.055,0.062,0.079,0.027,0.082,0.747,0.749,0.744,0.75,0.729,0.769,0.457,0.459,0.455,0.46,0.444,0.473,0.664,0.666,0.66,0.667,0.641,0.688
DOE1-9,DOE1,9.0,31046.6,1396.4,1365.5,1360.2,1432.7,1141.8,1584.2,114.8,111.2,110.8,118.8,88.8,132.4,0.796,0.816,0.788,0.803,0.735,0.857,0.262,0.251,0.255,0.269,0.215,0.301,7.3,7.1,7.1,7.5,6.2,8.0,0.075,0.055,0.066,0.085,0.027,0.096,0.751,0.754,0.748,0.754,0.732,0.774,0.46,0.46,0.458,0.463,0.445,0.478,0.664,0.667,0.66,0.668,0.64,0.693
DOE3-60,DOE3,60.0,41758.4,1444.2,1421.1,1409.3,1479.1,1211.5,1660.3,131.3,129.4,127.6,135.0,104.6,154.0,0.81,0.838,0.803,0.818,0.749,0.863,0.278,0.264,0.271,0.286,0.226,0.313,7.5,7.5,7.3,7.6,6.7,8.2,0.077,0.055,0.066,0.089,0.014,0.096,0.657,0.66,0.654,0.661,0.637,0.682,0.546,0.548,0.543,0.549,0.529,0.568,0.661,0.664,0.657,0.665,0.637,0.687
DOE3-61,DOE3,61.0,31573.3,1383.7,1339.5,1349.6,1417.8,1160.9,1564.3,124.2,119.0,120.7,127.7,100.5,144.4,0.793,0.796,0.786,0.8,0.735,0.858,0.284,0.273,0.277,0.291,0.233,0.32,7.4,7.3,7.3,7.6,6.5,8.2,0.08,0.055,0.069,0.09,0.027,0.096,0.675,0.679,0.672,0.679,0.651,0.703,0.519,0.518,0.516,0.521,0.5,0.539,0.664,0.667,0.66,0.668,0.638,0.692
DOE3-63,DOE3,63.0,79920.2,1447.4,1389.9,1404.6,1490.2,1190.5,1683.8,132.8,126.8,127.2,138.4,103.6,155.3,0.795,0.816,0.788,0.803,0.735,0.858,0.282,0.269,0.274,0.291,0.223,0.318,7.7,7.3,7.2,8.2,6.5,8.3,0.082,0.055,0.071,0.094,0.027,0.096,0.655,0.664,0.652,0.659,0.634,0.681,0.546,0.547,0.542,0.549,0.526,0.568,0.666,0.668,0.663,0.67,0.645,0.691
DOE3-65,DOE3,65,34196.9,1380.6,1363.8,1345.0,1416.1,1123.5,1589.7,124.9,122.2,121.2,128.6,98.9,145.1,0.795,0.822,0.788,0.803,0.729,0.861,0.288,0.271,0.28,0.297,0.231,0.33,7.4,7.4,7.3,7.6,6.5,8.4,0.091,0.055,0.08,0.103,0.027,0.096,0.666,0.67,0.662,0.67,0.645,0.692,0.524,0.527,0.521,0.527,0.506,0.544,0.661,0.665,0.657,0.665,0.636,0.688
DOE1-8,DOE1,8.0,22450.1,1423.2,1388.0,1390.5,1455.9,1188.3,1644.7,116.7,113.3,113.4,120.0,92.0,139.6,0.8,0.819,0.793,0.806,0.738,0.857,0.268,0.257,0.261,0.275,0.217,0.306,7.2,7.2,7.0,7.3,6.2,8.0,0.072,0.055,0.064,0.081,0.027,0.096,0.731,0.736,0.728,0.734,0.714,0.753,0.493,0.495,0.49,0.496,0.474,0.512,0.663,0.664,0.659,0.667,0.641,0.692
DOE2-12,DOE2,12,22069.5,1445.1,1401.3,1412.5,1477.6,1224.8,1645.7,117.1,113.0,113.9,120.3,93.6,136.4,0.805,0.824,0.798,0.812,0.75,0.861,0.268,0.259,0.262,0.275,0.219,0.301,8.0,7.9,7.9,8.2,7.2,8.9,0.077,0.055,0.067,0.087,0.027,0.096,0.712,0.714,0.709,0.715,0.693,0.733,0.475,0.475,0.472,0.477,0.46,0.491,0.616,0.621,0.611,0.62,0.591,0.645
