Development Costs (thousands),Lead Times (weeks),Effectivness,Average Iterations,First Pass Yield,% Cost from physical Prot. / Test,Work Efficency,Average Consitency
1596.5741112674764,127.01130952376782,0.22460808299266508,7.461538461538462,0.0410958904109589,0.7544816845324711,0.5360765196497337,0.7443178683518961
1284.5066436268837,109.45297619049458,0.2804439621924471,6.846153846153846,0.0410958904109589,0.71488500093246,0.48291437992633607,0.6555274855210066
1551.176126346459,120.58988095236063,0.2366279327624048,7.615384615384615,0.0136986301369863,0.7614043214077973,0.4757711240572314,0.6908799123949653
1257.115738821486,97.45892857148814,0.2900400129770379,6.6923076923076925,0.0958904109589041,0.7145524759339301,0.5046162026296518,0.6401373567933659
1338.5928956805892,106.32619047621972,0.2711683148383796,7.0,0.0958904109589041,0.7243169778602716,0.4646115594511502,0.6206923501898921
1534.6637174736184,125.14702380948845,0.23257913570025282,6.769230769230769,0.0684931506849315,0.7575261163146615,0.5047358450852756,0.6987113292342592
1442.2522116865043,111.3000000000123,0.2469861327260543,6.076923076923077,0.0821917808219178,0.7509907784571691,0.49652531555813545,0.7092710053161423
1482.2200906333924,117.16309523808737,0.2438409090906505,7.0,0.0273972602739726,0.7488922166175728,0.5186002229240274,0.6494098421702383
2148.7747630677677,187.1708333330828,0.16289357670558108,9.692307692307692,0.0,0.776828068096097,0.5114845346291935,0.7009708338969323
1700.363954395886,142.32678571419024,0.2116153419882943,8.384615384615385,0.0136986301369863,0.7649367163418271,0.47248918789016653,0.6610020639263084
1174.3294276167237,86.02321428576379,0.314585319351702,6.769230769230769,0.1095890410958904,0.7168801620006462,0.4811721834195183,0.6742206870216041
1161.7892546870282,89.0440476190998,0.3048167806760119,5.6923076923076925,0.1232876712328767,0.7122119214732234,0.48670671064954024,0.6600413182392071
1258.650228378874,101.29107142861851,0.2879478914492834,5.538461538461538,0.0821917808219178,0.7244249388478926,0.47344834792303236,0.5975868313589409
1236.9795445170023,93.57559523815142,0.29285129604352056,6.538461538461538,0.0821917808219178,0.7111514006392649,0.47963044638921704,0.5991723768871566
1046.5846846564982,77.01250000004167,0.34523213160324145,5.615384615384615,0.0273972602739726,0.6991420268474258,0.47281818413749777,0.6824323967136904
1718.6960337579058,142.3279761903807,0.21220353771683548,8.461538461538462,0.0410958904109589,0.7643858922725988,0.5175863111954533,0.7176437728324863
1832.3649980318912,168.45595238076632,0.20234149822055558,8.615384615384615,0.0136986301369863,0.7668702868506552,0.5209252935785065,0.6768047595556993
1848.1682601776627,153.04226190462967,0.19299656605787366,8.384615384615385,0.0410958904109589,0.7683282873207764,0.5191008970866821,0.6590702993491482
1755.5093458485553,158.15357142842163,0.20073368395408844,8.538461538461538,0.0410958904109589,0.7578024915909976,0.5074152113129791,0.6306383422182811
2001.2352205367408,179.60059523787035,0.17579485659197638,7.923076923076923,0.0273972602739726,0.7902052836427712,0.5261705086600709,0.6990178490414576
1453.5126825410275,121.2928571428349,0.24396085204350268,7.0,0.0821917808219178,0.7453584444443395,0.5231704169502166,0.7530613627871995
1594.8892052454325,142.04702380942962,0.2256269460571037,7.538461538461538,0.0136986301369863,0.7520645565718745,0.48628228938020057,0.7205655974500007
1358.401467324676,112.00059523810566,0.2694892557223598,6.538461538461538,0.0547945205479452,0.7238018404043393,0.4999433427761651,0.6878437480412245
1110.1505219118528,76.45178571432707,0.3262261424986518,5.846153846153846,0.0684931506849315,0.706720279417924,0.5093197514734373,0.6464227869062759
1200.9697017590404,93.14940476196044,0.30177716051122333,6.384615384615385,0.0684931506849315,0.7255365887255,0.49140306122463195,0.6441365017760423
1634.6551006727802,130.43928571423154,0.21804834597752723,7.153846153846154,0.0821917808219178,0.7581728590583248,0.5035842293905337,0.7271852285230009
1272.3657796930504,107.16011904764586,0.2803486799783013,6.0,0.0547945205479452,0.7282770740968558,0.48227442350023497,0.7195450584964944
1696.4027778023174,146.01845238084474,0.211728985321209,8.384615384615385,0.0273972602739726,0.7572581412672396,0.5102074896670407,0.6558451040076982
2381.0232122547172,201.31428571398598,0.1455142082039866,10.0,0.0547945205479452,0.7899181001991896,0.5328384477314604,0.6593095259987485
1575.0132202182406,131.4678571427991,0.2245728149245199,7.3076923076923075,0.0273972602739726,0.7722104625711493,0.49532989785589127,0.7375555421416711
1764.770693387636,160.43035714269917,0.2007452478653517,8.307692307692308,0.0410958904109589,0.760940237999248,0.5098360324293011,0.6239988939767075
2056.6224133729056,180.16547619025,0.17205405449086664,9.615384615384615,0.0684931506849315,0.7820062854273374,0.5122376966097949,0.6602865763074467
1050.6491636057056,81.17023809528345,0.35541346121828965,5.615384615384615,0.4794520547945205,0.7062139357376531,0.4854235496235136,0.6930939182720647
1837.153871118911,155.59761904747734,0.19870129870097636,8.76923076923077,0.0273972602739726,0.7637382957632791,0.5045073049421299,0.6818790180498243
1645.2961205530255,137.4636904761117,0.22153912917661822,7.538461538461538,0.0684931506849315,0.7625216768431933,0.5161656267725012,0.7062793869198356
1732.1811112547748,151.1839285713026,0.20662676981431718,7.615384615384615,0.0273972602739726,0.7745626812659111,0.49448934606892836,0.7309460488741484
1715.942477152973,141.3142857141939,0.21034902677085038,7.076923076923077,0.0,0.7622407214181272,0.5285699118800387,0.6811924031365998
1467.5762151785798,116.43571428570868,0.24634631526875736,6.846153846153846,0.0273972602739726,0.7219188243755488,0.5032887846158183,0.6262520133683035
1473.400310809874,138.0309523808723,0.2415317974640857,7.0,0.0,0.7317040395186405,0.5264324504044163,0.6033835408241003
752.8069736391012,51.576190476210286,0.48135035746100846,4.076923076923077,0.5068493150684932,0.6312059373935739,0.4277328607820985,0.569249302379641
953.6093467992827,72.43928571432356,0.3835096575551358,5.230769230769231,0.1232876712328767,0.6859348223234768,0.4345701357467665,0.6376808798934661
1222.806952238782,88.31130952386111,0.30540728050169225,6.846153846153846,0.0547945205479452,0.7020214424065779,0.4585831960460497,0.569809103751058
1106.448721004427,93.60416666672296,0.32264912227873255,5.615384615384615,0.0958904109589041,0.7129519489792838,0.47978878835274646,0.6917452317932438
1587.3699646596644,126.1511904761516,0.226013467232606,7.153846153846154,0.0136986301369863,0.7516572104240835,0.4567197496658924,0.6694770087159827
1256.9467885150646,105.14821428574821,0.29754478732034584,6.769230769230769,0.0684931506849315,0.7301683915721447,0.46790224228175814,0.6257595780276762
1687.698977661806,131.4619047618468,0.2112255457543862,7.6923076923076925,0.0684931506849315,0.7703331353145497,0.47405442092900696,0.6694426571849117
1541.5042103640014,131.4559523808945,0.22743878989844823,6.846153846153846,0.0684931506849315,0.7560075268521828,0.5154144989435478,0.6933551623123355
1080.2097749308034,83.04047619052315,0.3259346329399771,5.230769230769231,0.0684931506849315,0.6992059787090105,0.5105725699069338,0.691024583388845
1514.6368563969447,136.18928571421162,0.24021076787656861,7.846153846153846,0.0,0.7463969923286801,0.5132793799156173,0.7024937892626885
1296.5701468212758,105.32738095241365,0.28108553923476765,6.6923076923076925,0.0684931506849315,0.7372155735446257,0.4558655571871882,0.6759854214201478
1264.9298135539439,103.16428571432633,0.28575830240985756,5.615384615384615,0.0,0.7212466718775202,0.49218675103067433,0.5871936213628547
1119.2151313849447,91.1803571429112,0.3298035153894931,5.153846153846154,0.0410958904109589,0.7262646757893226,0.47734203059967983,0.6901573998437603
890.6257604600015,73.0404761905145,0.4103528776215385,5.3076923076923075,0.0821917808219178,0.6699477528488175,0.4404474778058739,0.6243325406312654
1150.8506898418243,94.46428571434271,0.31223971559159797,5.615384615384615,0.0273972602739726,0.7162377009215728,0.4978902953587922,0.6518898026727903
1653.1200673278404,129.4696428570917,0.21832123925656366,7.769230769230769,0.0136986301369863,0.7340691845710503,0.49224070130978803,0.6184566602041416
1037.4263456486806,85.57857142862069,0.33528134131289283,5.3076923076923075,0.0547945205479452,0.7007202750294262,0.47518597513410366,0.6127228826944687
1619.2145355634461,128.30357142852478,0.2157736437559666,7.384615384615385,0.0547945205479452,0.7615621761936188,0.5120908784163133,0.7020324869548467
1268.6557436362177,95.47261904767694,0.2861220934127009,6.3076923076923075,0.0821917808219178,0.720809071211724,0.491193600449128,0.6087328801892278
2413.612187797605,196.29047619019414,0.14741479473243707,10.923076923076923,0.0273972602739726,0.790161185948522,0.5435476435328708,0.6669208379822741
1616.1171346662786,132.16011904755925,0.21566085890526565,7.384615384615385,0.0273972602739726,0.754616789410948,0.5002346116109713,0.6419225217883393
1154.9527164807978,85.43630952385863,0.30205855702787526,5.461538461538462,0.0958904109589041,0.7297216132967669,0.4678085018573522,0.6991944157031225
1794.648812959567,145.45297619036987,0.19954007214158934,8.461538461538462,0.0136986301369863,0.7636603460776363,0.5237670023878742,0.6044504524239542
1637.8000987283917,145.18988095227567,0.20605855310881158,6.6923076923076925,0.0,0.7666217269828836,0.490038567258151,0.6810732530688468
949.5277837926328,74.47440476194447,0.38111919041810594,5.461538461538462,0.0,0.6832755555173732,0.4788611824484497,0.6690355436542423
1243.3737462020044,91.03452380957768,0.2932807514821554,6.615384615384615,0.0684931506849315,0.6893785370685517,0.4792358270329018,0.5583157580105053
949.9029890357023,73.15476190480028,0.38161064174011494,5.3076923076923075,0.1232876712328767,0.6594083323298301,0.4714985554580025,0.670241661373552
1800.2562270307208,156.1886904760471,0.19553487178985324,8.538461538461538,0.0684931506849315,0.7694568761479175,0.5324947145875216,0.7397254336067589
1451.7233375945532,125.01130952377476,0.2404405535156956,6.615384615384615,0.0821917808219178,0.7436717110061278,0.513735088636536,0.6500666426796449
791.4187428017509,56.04464285716645,0.4716039063874851,4.846153846153846,0.0821917808219178,0.6670649892625546,0.4256453341833384,0.6625600711705061
1048.849335344922,70.0464285714643,0.35358798198618074,5.769230769230769,0.0684931506849315,0.7023681524893913,0.4709363934766689,0.6478288194803589
1738.1227957646352,138.01190476182495,0.1997514006898206,8.153846153846153,0.0273972602739726,0.7501096977268327,0.5359919028336946,0.6922537100421956
1091.9884190852276,80.58988095242593,0.3282656623185653,5.6923076923076925,0.0684931506849315,0.6996869704844643,0.4765957446809963,0.6327678521314485
1091.5510029242814,85.60833333338272,0.3275739936554829,5.076923076923077,0.1095890410958904,0.7148032571057527,0.47345426673494556,0.7201460359471393
1162.4206060089768,97.03869047624956,0.3064532395867022,5.6923076923076925,0.0821917808219178,0.7295652395409711,0.4900287910405871,0.7300656405180513
1423.3073285205746,113.60357142857517,0.25513027852627435,6.923076923076923,0.0547945205479452,0.739463703622331,0.4880693169318648,0.669389239929456
1437.728175683026,131.15714285708657,0.2574478081215876,6.6923076923076925,0.0684931506849315,0.7398407773857423,0.48256147682134365,0.6834746069987454
2203.3067204234944,227.16547619008716,0.15871300176166417,9.23076923076923,0.0,0.7896382158464228,0.48706089835828653,0.6803871129348779
2198.7120864537587,193.59464285686954,0.16156872220385177,9.76923076923077,0.0273972602739726,0.7808322292163119,0.5318919511655066,0.7493313003633297
1071.076729099215,76.17678571432677,0.3491910757388496,6.230769230769231,0.0410958904109589,0.7219669019012506,0.4605411654602634,0.647667717923815
1293.4195373746575,93.60000000005627,0.2818740399383941,5.769230769230769,0.0958904109589041,0.7373914949998364,0.5002162464702337,0.6238402338571694
1891.858854254365,169.29464285695428,0.18321920746848033,8.692307692307692,0.0136986301369863,0.7759362247326361,0.5023101922546369,0.6929602327588869
1175.7487061903703,84.60297619052469,0.3142794117646466,6.6923076923076925,0.0684931506849315,0.6966664558622478,0.4469840140515796,0.631245349017958
1586.049499678281,136.46666666659132,0.22611421128954107,7.461538461538462,0.0136986301369863,0.7584292801701534,0.4982511443128371,0.6373427054514907
1631.7782868958677,141.4547619046694,0.2244639940996967,7.538461538461538,0.0547945205479452,0.7590838577045915,0.5206915659979034,0.7210610774577113
1768.628032170808,141.46369047609784,0.2005125279408719,7.923076923076923,0.0136986301369863,0.7743954290508548,0.5099299065419082,0.7208519459181357
1112.563936881989,80.044047619092,0.3236548162382573,5.769230769230769,0.1232876712328767,0.7072104176601333,0.45791985455662293,0.5704116784697235
1147.7937151184349,99.57857142862403,0.3078712011368819,6.153846153846154,0.0273972602739726,0.6991243776014776,0.4658087651210659,0.6381108772401446
1771.435174056662,148.01130952369508,0.20177776103771466,8.23076923076923,0.0410958904109589,0.7631531235112637,0.5202348801044793,0.6876392165111913
1907.8877842709205,180.16726190453568,0.1865795206968403,8.923076923076923,0.0273972602739726,0.7784413232365005,0.5126920233300607,0.6537182854019735
1502.731258602916,118.59821428570078,0.23912458214587867,7.615384615384615,0.0684931506849315,0.7414654413921735,0.49222897756449496,0.7270514620318459
1488.9661124313952,121.44166666664366,0.24126626485638167,7.153846153846154,0.0410958904109589,0.7437929927379341,0.5186574754208957,0.6181678274898474
1682.9475370048456,132.14999999994035,0.21851182604627395,8.538461538461538,0.0410958904109589,0.7672975800080472,0.4923873000999154,0.7015092108944988
1698.4745349019383,136.14583333325987,0.2146674643530696,8.153846153846153,0.0136986301369863,0.7510557780383474,0.514817810406444,0.698087064567129
2239.8440808453574,214.60833333298706,0.15777776131422439,9.538461538461538,0.0136986301369863,0.797100200553993,0.5273016908811098,0.7174512213614995
1671.5358339773634,146.0017857141783,0.2103411123957844,6.6923076923076925,0.0,0.7553917082536196,0.4938991492008572,0.6776794574615767
1197.525540892592,94.61369047624767,0.29739436619707565,6.230769230769231,0.0684931506849315,0.7048735269858407,0.4905445215243528,0.680220643416424
2339.0575963931565,215.30714285679474,0.15066104078729234,10.384615384615385,0.0273972602739726,0.7793055480230383,0.5200388388515897,0.6902647191332926
1912.402185577432,152.5767857141547,0.18460005199724683,8.923076923076923,0.0273972602739726,0.7652435669400078,0.5012141633563192,0.6278624965992323
2328.3721640429726,196.18869047590852,0.15266365526603573,10.076923076923077,0.0,0.7865708972163882,0.5286047764404697,0.6773942601943351
1386.0562154693746,99.31547619052985,0.26040364567508817,6.923076923076923,0.0821917808219178,0.74585895026022,0.5266250093356863,0.7286927342068495
1223.067822601212,94.28690476196145,0.30177747225757573,6.461538461538462,0.0,0.7262499969391591,0.48650230262335253,0.7002995595304394
1351.0741208965462,129.0273809523321,0.27406113088260226,6.076923076923077,0.0273972602739726,0.7582757835966759,0.5107329285183062,0.709299847456343
1320.733606816383,103.00059523813685,0.2758340113911938,6.230769230769231,0.0821917808219178,0.7248337519013243,0.47502183004734194,0.5499480771064972
1571.1137212303108,129.01249999995136,0.2272467510474204,7.846153846153846,0.0,0.7498281745482488,0.48804021384890667,0.6975906956222473
1353.9437849571025,119.03095238093812,0.2670932426857246,7.3076923076923075,0.1095890410958904,0.7350867207034145,0.49465292162445884,0.6705936005352638
1248.7478496636268,99.47321428576704,0.29191289345328475,6.538461538461538,0.0821917808219178,0.7103155068916297,0.47871002515266675,0.6500137803598715
1686.8878938426326,147.2982142856019,0.20990337686942162,7.3076923076923075,0.0,0.7696830091001585,0.5149687170631446,0.7403454025623101
1157.8120663479606,81.31726190480745,0.3172458648060851,6.461538461538462,0.1095890410958904,0.7100572387329,0.49920516767191053,0.6879767257837971
1803.5550182953045,178.01785714263866,0.19545732235472144,8.23076923076923,0.0,0.7662054743986113,0.550945685831195,0.6848738456956567
833.0168990919427,60.43035714288457,0.452435999831877,5.230769230769231,0.0684931506849315,0.6597241681301164,0.44703639320378113,0.6540103086495308
1812.9320862955947,136.00178571421299,0.20028212697550454,8.615384615384615,0.0410958904109589,0.7723593810352425,0.5196824070202457,0.7071856038708106
1974.6445649278876,176.60714285692825,0.1812180325915591,8.076923076923077,0.0410958904109589,0.7745190312733501,0.5209656423806195,0.6698166975457203
918.0940126722074,67.31071428574768,0.39950218961713896,5.538461538461538,0.2191780821917808,0.6729803892697855,0.48068181818197586,0.578891030395062
1779.2464132400464,158.18392857127833,0.2013140431296664,7.6923076923076925,0.0547945205479452,0.7656298493507228,0.5232283715687023,0.6697710137463624
1328.2221263194501,102.32678571432882,0.2659182990742422,6.615384615384615,0.0684931506849315,0.7194192583099865,0.5097988834645554,0.6300626667099051
1195.2203982133317,97.46071428577386,0.3056774193547509,5.384615384615385,0.0684931506849315,0.738019071178968,0.4816268471934694,0.7506482768446658
1097.877342143682,93.59226190481816,0.34485878627291733,6.769230769230769,0.1232876712328767,0.712980313804695,0.4707984729105623,0.5918670978828726
1409.0354592031968,130.32738095232702,0.26041323423500395,6.769230769230769,0.0821917808219178,0.7391590032807729,0.5058061159331735,0.637897446978955
2010.122953483693,167.47559523791236,0.1738323412046155,8.538461538461538,0.0410958904109589,0.7793756818509228,0.5200559880350268,0.7000578165206182
1377.6151789232933,111.44107142858307,0.25801571067165463,6.6923076923076925,0.0410958904109589,0.731639755953677,0.48743407475349104,0.7022733100406138
1605.5731933939219,140.44583333324442,0.22043143044589655,8.846153846153847,0.0410958904109589,0.7413019408399998,0.49827966826404363,0.6538170364224176
1492.7730761234204,118.17976190475032,0.2384499256263543,7.230769230769231,0.0273972602739726,0.7486901201450326,0.5199562851482948,0.7129942202234258
1429.707373783455,126.47559523805441,0.2523762469412231,6.615384615384615,0.0136986301369863,0.7387927302414018,0.48902069090411676,0.5905086242398742
1067.1799034176524,71.30833333337019,0.34070697376844356,6.153846153846154,0.0821917808219178,0.6982551197943114,0.46428840031100976,0.7138162943280745
1144.8905217795757,96.15059523815351,0.3121081333293764,6.230769230769231,0.0821917808219178,0.7165837848253808,0.46979353790894524,0.651694010282333
1650.513205960339,155.01666666652787,0.21856007480100878,7.3076923076923075,0.0136986301369863,0.7593819702338882,0.5131743215715964,0.6862826364825738
1697.7214693888077,137.04523809516127,0.20768434012750406,8.076923076923077,0.0821917808219178,0.7618709882606275,0.5345896789743341,0.7247552009471101
1756.8629197544133,145.30476190465635,0.200582569884579,7.6923076923076925,0.0273972602739726,0.7615376192714274,0.5035271419093855,0.6843639955869293
1475.1147759765508,118.03273809522727,0.23571042739161288,7.384615384615385,0.0136986301369863,0.7320451502434785,0.5044805346840556,0.6650412805395337
1448.8082028244255,118.17202380951234,0.24534293214698372,7.3076923076923075,0.0410958904109589,0.7336814081735125,0.5099680312582342,0.6814884140389039
1135.391464414015,82.30714285718923,0.3228346456692519,6.384615384615385,0.0273972602739726,0.7083575892979228,0.4825127924885903,0.660918136992383
1404.9768459471009,107.18154761907412,0.2634561607560561,7.3076923076923075,0.1232876712328767,0.7284336903417636,0.4946985423781089,0.6465696365270905
2104.7973624359415,169.58154761885766,0.16875945716810326,9.384615384615385,0.0136986301369863,0.7685265035951094,0.5160955719287896,0.6920211495028058
1287.344381203432,98.0214285714872,0.2808966369469166,6.6923076923076925,0.0684931506849315,0.7306143346471391,0.473993595608413,0.6871706290586977
1387.5066141309019,108.29642857145133,0.2569480985407867,6.846153846153846,0.0684931506849315,0.7371247735188191,0.4947130080380013,0.6315498670726114
1163.1693562173623,88.58630952386142,0.32040964533957,6.461538461538462,0.0547945205479452,0.7147699437122735,0.46547522339570807,0.6766348963199739
1508.300046587541,120.45595238093263,0.23971607422285057,7.461538461538462,0.0821917808219178,0.7299341836008825,0.5048333757311788,0.6665941261429611
1920.4297261776594,169.28988095219245,0.18306446797042616,9.307692307692308,0.0,0.7712770425484918,0.5257320579774446,0.6717843993616723
1900.5923949874168,162.17916666650265,0.18923278466428217,8.384615384615385,0.0136986301369863,0.7759009931082557,0.5240253463643407,0.695082183801753
1586.8492637353643,135.29761904754824,0.2296663554508197,7.153846153846154,0.0547945205479452,0.7650774673193667,0.5306180778850226,0.6463171769080472
1712.1653542344786,140.15297619038878,0.21110145042059242,8.307692307692308,0.0,0.7669030852438369,0.5113367100713818,0.7083843739953042
844.7786066432874,62.03154761907636,0.42975273122349833,5.0,0.1095890410958904,0.6597193926899373,0.46539149189788737,0.629354361744382
991.2733755548853,76.03928571432661,0.37057689659925025,5.846153846153846,0.0273972602739726,0.675866705629089,0.47840759159661306,0.6308656880008893
1182.6589287210531,89.60119047624329,0.30395334682717295,6.538461538461538,0.0273972602739726,0.7185592778114508,0.5010714195680406,0.7076878846010634
1667.0446512199953,131.00297619042075,0.21311704936364637,7.615384615384615,0.0958904109589041,0.7560447990202664,0.4979954061388559,0.6696231707017509
1034.630602384593,73.14880952384787,0.36142108093578645,5.615384615384615,0.0273972602739726,0.7020438375487241,0.46903011110530346,0.6242664675062213
851.7225209853909,58.585714285740195,0.43107925834963684,5.230769230769231,0.1232876712328767,0.657031945656868,0.43609265287471893,0.6114681004373093
882.4479833876316,73.03095238099066,0.4113259189298962,4.923076923076923,0.1643835616438356,0.6868303437186553,0.47065548780504807,0.6614816982805668
1732.162080078802,148.59285714273977,0.20625236427799162,7.769230769230769,0.0684931506849315,0.7634288128043585,0.4880143333742895,0.618585962944061
1426.6264833426426,109.15773809525801,0.2556702016999318,5.769230769230769,0.0410958904109589,0.7576079564942677,0.48241302881383036,0.7236121795849508
1577.99506091269,154.30297619033948,0.23004131965973923,7.538461538461538,0.0,0.7579988664203995,0.5086227518864312,0.7342977673797579
1234.114819545696,91.32202380957804,0.2902895383773568,6.6923076923076925,0.1095890410958904,0.6955128493775169,0.5246746398869542,0.648476013848382
2094.9262240422013,177.44999999978285,0.16822641981844225,8.538461538461538,0.0136986301369863,0.7881560773344334,0.5275712881018968,0.6938730684078148
1603.760361019573,131.1494047618486,0.2239270486443163,8.384615384615385,0.0410958904109589,0.7417427184908774,0.48885258313213686,0.6289322232983986
1342.784986259047,105.16785714289078,0.2671565543446172,6.538461538461538,0.0821917808219178,0.7355742567761533,0.4777808446039253,0.6779442559822944
1474.7185776774406,125.59464285710514,0.23945944737521485,6.923076923076923,0.0684931506849315,0.7489765012961076,0.4803822937624724,0.668790892764982
1391.2380288631139,105.03750000003414,0.25566007367908233,7.230769230769231,0.0,0.7341711353902414,0.5090963799648224,0.724386893720351
839.2281984583052,62.00892857145723,0.43073606157693123,4.384615384615385,0.1917808219178082,0.6724481247018458,0.46624973691349253,0.6902486352970828
1843.191179109273,159.1785714284178,0.18931717864833147,8.23076923076923,0.0684931506849315,0.7594091109702239,0.5291489529204351,0.6454392849741221
1125.4906255848787,87.01428571433605,0.3159958142344943,5.846153846153846,0.0821917808219178,0.7152081192371651,0.448787620324257,0.6554588053708905
1247.8991685532687,103.45297619051537,0.28762042971726914,6.3076923076923075,0.0821917808219178,0.7341804685741243,0.4846775571998546,0.6359448350266723
748.6953558725544,65.46488095241283,0.4770521136211251,4.769230769230769,0.5068493150684932,0.6322434979868553,0.417703156481031,0.6177592250784011
931.9516503851451,65.00238095241218,0.37444902727873025,5.153846153846154,0.1780821917808219,0.7007131488863657,0.4651517720876677,0.7518261651626941
1843.4802240680506,173.6119047617005,0.19771937506373286,8.538461538461538,0.0,0.7473236126722367,0.5283415105555735,0.6647801714533939
1114.6980499463716,91.44761904767338,0.32456620171997885,4.769230769230769,0.0,0.7237219758703279,0.48609506408376896,0.6706909539229051
1558.5369190398822,146.44999999989025,0.22753274525499706,7.923076923076923,0.0821917808219178,0.7490998441177862,0.5059346225664283,0.6519795838216118
1022.4619942606249,74.30000000003942,0.3512736773351283,5.0,0.1232876712328767,0.6941688940331945,0.4919799158639046,0.7141136285310402
794.7691140304619,47.582142857159226,0.4730878812642311,5.0,0.5068493150684932,0.6504965841174438,0.4386624400372023,0.679452635966099
2434.7220695745054,208.30714285681898,0.1498555064235395,10.461538461538462,0.0273972602739726,0.7977827177625749,0.544466874655377,0.6773757751388947
1359.114286207437,122.29880952378373,0.26013223950021097,6.538461538461538,0.0136986301369863,0.7312556231458863,0.50877519235688,0.677562605097044
1224.1256403068753,100.19047619052682,0.2927622550363735,6.230769230769231,0.0136986301369863,0.7290579305575337,0.4877560719379077,0.6784657680669715
1253.88606949612,93.33333333338933,0.28646297647012486,6.538461538461538,0.0958904109589041,0.7022624651890602,0.465939533103563,0.638460850482423
1629.1279570146182,142.44702380942795,0.22106855674346887,7.923076923076923,0.0821917808219178,0.7593432493960678,0.5132348720664771,0.754660371611649
1011.8740797069725,77.44821428575649,0.35014561606174904,5.153846153846154,0.0821917808219178,0.6904167395609652,0.4857759884823002,0.6682472396065875
1214.5348232227564,97.16071428577347,0.2918346843559906,6.076923076923077,0.0821917808219178,0.7424242400274041,0.4823062045895581,0.770448244804561
1398.7676264716904,122.59226190473461,0.255230125522777,7.0,0.0958904109589041,0.7156496326974319,0.5122821086394795,0.634406565093522
644.1469514439881,46.33333333334863,0.5974842767295003,3.923076923076923,0.7945205479452054,0.6295109292807203,0.4500602098746267,0.6546422076509355
1244.5142183526034,88.16845238100379,0.2870517552602453,6.0,0.0821917808219178,0.7256905724136881,0.5090273442378669,0.7038562947998062
1731.3784932900353,141.28690476181333,0.20938258606034876,7.615384615384615,0.0958904109589041,0.7612035771119561,0.49736113077035365,0.6459666207607042
1457.6935945947619,115.46011904761656,0.24985374300867216,7.3076923076923075,0.0136986301369863,0.7465915416401139,0.46162714813999095,0.7006125669127257
1331.244281762978,97.42976190482138,0.27167733217735796,6.6923076923076925,0.0684931506849315,0.7435435050081702,0.48613501155429545,0.6643015449410788
909.1079033908001,58.14523809526344,0.40773383696755033,5.153846153846154,0.4246575342465753,0.6888818380735936,0.4575850155613723,0.6243936313917762
1769.158430012044,156.17380952366636,0.20604983915078842,8.923076923076923,0.0136986301369863,0.7592643974470251,0.5298880636047428,0.6836448154279088
2113.832497840527,172.61249999979918,0.17215753479473964,9.307692307692308,0.0,0.7775893460573976,0.5202314262094473,0.6419550496417793
1670.1893918783744,140.00654761896095,0.2158094740225377,8.846153846153847,0.0136986301369863,0.7569166334755817,0.5013751375135627,0.5798096190573826
1468.7822982971954,159.15357142841816,0.2433638982289726,7.0,0.0136986301369863,0.751860653224711,0.5112169749411791,0.7169382465668922
1825.6313590225684,154.58035714271915,0.1890910059862108,7.615384615384615,0.0273972602739726,0.7646216889421793,0.5119635321280308,0.6623915070220832
1581.0601141246727,145.1863095237043,0.225163680764327,6.923076923076923,0.0410958904109589,0.7530127374020129,0.5239248140158155,0.6615866251210252
1285.4654514254646,109.57738095239893,0.2809874985209508,6.076923076923077,0.0958904109589041,0.7331656436738421,0.49306363989146645,0.6684122129529217
1371.5831237930333,101.0214285714768,0.2627360979858171,7.461538461538462,0.0684931506849315,0.7439541642024357,0.48909695102736084,0.6417912204318584
1784.2801136225603,161.45773809507625,0.20501646236662063,8.461538461538462,0.0410958904109589,0.7685528730558291,0.5348802234394997,0.715023440761369
1106.0711073912007,80.04523809528249,0.3247966986284532,5.615384615384615,0.1232876712328767,0.710966848509024,0.46536790973825737,0.6413952461050338
1341.6328358679443,121.15535714283553,0.26445891472847255,6.538461538461538,0.0547945205479452,0.7305776483350966,0.47744216951591917,0.632166166757429
1825.0476821318764,149.31904761892798,0.20183624748734622,8.923076923076923,0.0273972602739726,0.7664753285735715,0.518888679363658,0.6255811165145806
1453.5696273447622,117.3077380952295,0.2503879380223082,7.0,0.0958904109589041,0.7228541474431052,0.5043511810346888,0.627049650606106
1163.2280269581033,84.61845238100094,0.31384420481992903,6.153846153846154,0.0410958904109589,0.7062255087522572,0.46604422369750004,0.591463490990662
1676.6829492240838,137.59047619039697,0.2115517752939277,8.0,0.0,0.7543748028627383,0.5333390635406577,0.7163181339973244
2185.4658856687247,168.0053571426735,0.16308269812660772,9.384615384615385,0.0410958904109589,0.7832741620469019,0.5368932964618491,0.7169943594537934
1241.3971391888463,104.42916666670274,0.27513397504254566,6.538461538461538,0.0821917808219178,0.7246498540068066,0.4758516239152911,0.664551387536925
1056.666050872184,88.32321428576591,0.3448844084719203,5.230769230769231,0.2328767123287671,0.7055065430343473,0.4621605126641718,0.6944285592688966
1385.5768280907262,114.1803571428594,0.2646471164941628,6.230769230769231,0.0958904109589041,0.7572372743248506,0.48547748098109605,0.6972426871863813
1298.859065514976,101.58928571433123,0.27876331121839687,6.230769230769231,0.0136986301369863,0.7344300587310768,0.47712965844093813,0.6991486447063876
1361.7461262929683,112.59642857143588,0.25238369719217263,6.384615384615385,0.1095890410958904,0.7363656942655127,0.5023749584382947,0.6642585139067836
908.8296718921598,66.29821428574677,0.41097181094492846,5.3076923076923075,0.4931506849315068,0.6920579244384238,0.43769378808954773,0.6509688034193131
1149.431039113655,96.30357142862992,0.3197131545528842,6.0,0.0410958904109589,0.7134186987318626,0.474503025064965,0.6841691268483532
1577.9655293067854,130.18154761899444,0.23072934109713564,7.769230769230769,0.0958904109589041,0.7494138709092915,0.4993478028438427,0.6161075427310726
1885.1197545101427,165.28630952363494,0.18728565818720203,8.384615384615385,0.0136986301369863,0.7715749505858253,0.4953988323083416,0.6779363477889864
1068.7638955079906,84.14880952385741,0.340037344135742,5.538461538461538,0.0821917808219178,0.705233990006225,0.4712120428329055,0.567558939664433
898.9771483944119,62.153571428600266,0.40193346921225426,5.615384615384615,0.1095890410958904,0.6603096036872769,0.45280025384753275,0.6019125747303081
1777.4123530837949,134.18869047612333,0.20534043609393,8.615384615384615,0.0958904109589041,0.764397288717485,0.5107532403505828,0.6882853855541847
960.6613843639828,70.16190476194056,0.37140486725668587,4.6923076923076925,0.0684931506849315,0.69747968713284,0.46900496257060637,0.7037626794502836
975.3128563427148,77.46666666670895,0.365345973517491,5.153846153846154,0.0958904109589041,0.6886541508877811,0.44943963321462127,0.6964752235861534
727.313229316817,56.457142857166914,0.522353457953036,4.3076923076923075,0.6301369863013698,0.6489443276066276,0.4032317609975446,0.6929131181886156
2259.5819314859714,206.0273809520653,0.15955716926881736,10.076923076923077,0.0,0.7856450663704534,0.5359030599397604,0.6558805057484638
2103.7920415097274,180.47083333310547,0.1689095017989216,8.923076923076923,0.0684931506849315,0.7813799315389468,0.5297040271708822,0.645690203568472
1459.9475970286749,123.01488095235307,0.2362837273988989,6.923076923076923,0.0273972602739726,0.7454568673825507,0.4887922233564848,0.678486529241706
1279.494253721623,96.43690476196339,0.27717228926600557,6.384615384615385,0.0410958904109589,0.7264392451192171,0.4929677511010726,0.6652279542027258
1501.6589916292291,115.02797619047583,0.24209491747508313,8.0,0.0547945205479452,0.7065750384735835,0.49543032707155815,0.5833066166975153
1948.378548340975,170.02202380933298,0.1834141734984055,9.461538461538462,0.0,0.7531171580096709,0.5270646401752878,0.6646989781634249
1245.105195800661,98.46011904767545,0.2896408802114626,6.461538461538462,0.0821917808219178,0.7146419731646553,0.48457860691857796,0.6493322933514936
1801.231728399721,152.18452380939436,0.1948310502279896,7.923076923076923,0.0136986301369863,0.7755243057425547,0.5099303695766925,0.7131169758841196
1462.4390449078016,112.3333333333417,0.24787308750535966,7.0,0.0136986301369863,0.7410827916444716,0.51611710608406,0.641686312372185
1260.6145496887514,119.0083333333194,0.2915156305359618,6.461538461538462,0.0821917808219178,0.7186389543471832,0.5071462153267926,0.6024870456531022
1218.1661911315105,103.17678571432614,0.29013745798363205,6.0,0.0821917808219178,0.7198061299168312,0.49825990373949147,0.7114297194973842
1066.7107098936394,85.32738095243,0.3375990635430684,5.6923076923076925,0.1095890410958904,0.717115451134203,0.45460070820796933,0.7355999225125678
1213.3478134744194,94.58809523815233,0.29457588793280987,6.3076923076923075,0.0684931506849315,0.7219918612281073,0.4834662781222843,0.5964838662276484
1585.4287718236078,136.3041666665923,0.23173498714236135,7.769230769230769,0.0684931506849315,0.7497472414522638,0.49849550817174215,0.6311592738578837
1773.554980148845,151.2976190474928,0.1993364175892898,7.769230769230769,0.0136986301369863,0.7628533030967836,0.5388818027208792,0.7041666595455744
1093.9347437018437,85.28750000004891,0.3335349306040256,5.846153846153846,0.0547945205479452,0.7072643335449802,0.45881049131894913,0.6646298565911128
1690.2241200240032,128.036309523764,0.21533911474228987,7.846153846153846,0.0,0.7537952782986909,0.4953002344782816,0.6579913227858687
1017.8785001662386,78.32916666670965,0.36719084938183444,5.230769230769231,0.136986301369863,0.695750401072553,0.4146085000246103,0.5977787985162886
1743.4261471661503,132.1833333332732,0.2069951072999848,9.0,0.0410958904109589,0.7455069624806003,0.5028953402506982,0.6606754993303598
716.124956655569,51.32321428573387,0.5205710514092833,4.0,0.5068493150684932,0.6460719704222363,0.4357997313928907,0.6905382922828428
1378.2296494865557,114.4458333333345,0.25549473483334423,7.3076923076923075,0.0684931506849315,0.7361677752391315,0.47283278438748594,0.6816874396186973
1390.3616563116004,116.15297619047193,0.2648289044171226,6.923076923076923,0.0,0.7419173744579663,0.46490603010593917,0.6638310150570939
1158.5775039628854,96.47261904767781,0.31349119505107015,6.3076923076923075,0.0821917808219178,0.7003510267185334,0.44261927705440546,0.6513423991498422
1844.5404587943913,170.14880952361824,0.1921829987444065,7.615384615384615,0.0136986301369863,0.7775429262677355,0.47029079566776477,0.6846532288001415
1329.1935359460908,102.58869047623254,0.2742177945371099,6.384615384615385,0.0821917808219178,0.7350459250778902,0.4871167996932944,0.6337233012499125
1278.7352705332944,107.29523809526434,0.27968840313156407,6.230769230769231,0.0684931506849315,0.7324777324866142,0.5001566151845467,0.6240486512134468
1462.2153800529838,115.00357142857142,0.2495001344665077,7.153846153846154,0.0136986301369863,0.7407090112962857,0.48291651990128265,0.6487074272120619
2012.5368475358375,181.31309523786481,0.17781958626143718,9.076923076923077,0.0410958904109589,0.7686183117824962,0.524043872197957,0.624205549061783
1698.1132136055603,130.0005952380433,0.2183930300093817,8.076923076923077,0.0410958904109589,0.7509450923293797,0.4658102997930675,0.6238350672397835
1725.4381526154134,131.04761904756296,0.21559868918548142,8.384615384615385,0.0684931506849315,0.7618249820438145,0.5022319600292298,0.6559412940555844
1399.323969791483,123.00654761901986,0.2507450078604706,7.230769230769231,0.0,0.7159399973560707,0.5129613214276477,0.6473655271136676
1529.682907558805,114.29285714285916,0.2326813811186068,7.0,0.0136986301369863,0.7499109138923631,0.5176430048242416,0.7021240579217989
864.7442004425059,58.330952380978054,0.42499445150619697,4.769230769230769,0.1643835616438356,0.6667706362385641,0.42214295151291664,0.6027419479772101
1523.6078123906152,135.16785714278683,0.24220850230074148,7.153846153846154,0.0136986301369863,0.7449840906873496,0.5137000530920296,0.698189160029859
1326.8282638007786,112.16011904762854,0.2739179592716285,7.076923076923077,0.0410958904109589,0.7174311944770729,0.49998869315479216,0.653239217757776
662.9240502098899,47.29761904763508,0.559227143712697,3.923076923076923,0.5205479452054794,0.631436402575535,0.4560497749538641,0.6918273025997279
1433.8670070517123,96.45238095243964,0.25227342152853127,8.076923076923077,0.1095890410958904,0.7347620355102579,0.5062741423052955,0.5700586288096813
1379.8921311075737,113.28988095238648,0.2588710557918937,7.0,0.0821917808219178,0.729711531270634,0.512366015498129,0.6243577267022141
1357.9201469007955,113.16428571429168,0.26586792359684513,6.769230769230769,0.0410958904109589,0.7358278377256882,0.4921668216611436,0.6718826996202915
1469.051833924097,119.61190476188759,0.2453795816031796,6.923076923076923,0.0547945205479452,0.7384054483469077,0.49830486373699406,0.6480163472688923
1954.600043334921,163.4714285712596,0.1820464639559412,8.846153846153847,0.0,0.7802676814347852,0.5216345156604033,0.699850265696025
2475.0397005152104,232.58333333292506,0.14142497682393596,10.0,0.0,0.7846554875996506,0.5655090561941722,0.6743879069802232
1144.6415204436048,86.17738095243067,0.32344713490747407,5.846153846153846,0.2054794520547945,0.7071498310680222,0.46344744744755506,0.6954195122943606
1354.889860060284,103.17738095242137,0.2577649502461269,7.0,0.0684931506849315,0.7203828945016557,0.4984321836012279,0.6680556390853947
2294.703667422349,217.15833333297905,0.149345249002393,9.692307692307692,0.0,0.7955615978234175,0.5032297808671858,0.7356174056789198
1735.1913410869608,140.2958333332452,0.20717340590948835,7.846153846153846,0.0136986301369863,0.7655056057186647,0.5273560832142319,0.6873542196177651
705.951056545761,50.14761904763747,0.5258607950347134,4.076923076923077,0.5616438356164384,0.6439467166696607,0.4527372668638514,0.6767886231387551
1625.6514301309455,137.15714285706576,0.21769705864337582,7.538461538461538,0.0136986301369863,0.746959602601403,0.5120045731705357,0.6922928333008698
1381.7464983684292,122.61607142854379,0.26194271420842496,6.3076923076923075,0.0547945205479452,0.7344473649906927,0.4852279090603093,0.6937989877353531
1518.9255951505147,116.14642857142441,0.2343591256183133,7.923076923076923,0.0136986301369863,0.7245417676549436,0.5121190205597279,0.6648656495559587
1737.9756326893023,148.1583333332181,0.20291595197224244,7.461538461538462,0.0273972602739726,0.7744195778035529,0.5231602789002872,0.7336254469690165
1570.5980286782428,126.03095238091386,0.23410624863895638,7.769230769230769,0.0547945205479452,0.739987347501468,0.5052427103348135,0.6172855509686914
1357.2865256951663,111.3000000000123,0.2599670912302018,7.538461538461538,0.0684931506849315,0.7248687450342001,0.5016867362211923,0.7011013975986765
1539.232744178931,120.46071428569446,0.23201302224605994,7.384615384615385,0.0958904109589041,0.7363355350851174,0.5207949234659304,0.6926918245793501
2274.0081110023357,201.01369047589236,0.15572013681906002,10.307692307692308,0.0547945205479452,0.7803832610752656,0.5140304149835044,0.6365475839126211
1414.42429882593,114.61488095238106,0.2506858430321732,7.0,0.0,0.7477307694497554,0.47302170358585893,0.6480893320546804
1804.7378356703834,143.45238095228154,0.19334845734995076,7.769230769230769,0.0,0.7743344548883135,0.49267493084700303,0.6916317482953286
1125.0336166036977,92.60238095243638,0.31870109778950045,5.846153846153846,0.1780821917808219,0.715394745108505,0.46354750025470615,0.6777454770578532
1042.7046377006134,80.0321428571872,0.34122094426129623,4.846153846153846,0.0684931506849315,0.7068883604535763,0.46273283696790984,0.7009702150209629
1647.297801941143,146.59166666655625,0.21795725926275972,7.846153846153846,0.0684931506849315,0.7532625934682066,0.4911768386798628,0.65910045029149
1188.8744130537366,91.01904761910143,0.30341856273925094,5.846153846153846,0.0684931506849315,0.7275544509727728,0.5023540364411611,0.6413818506804295
1436.1451541361273,110.32857142858678,0.25125598716468006,7.384615384615385,0.0547945205479452,0.7441325730130925,0.4995087623094822,0.6722922611868244
1319.870552043081,111.28690476191726,0.27597994821211375,6.846153846153846,0.0821917808219178,0.7226430358831502,0.48427813210822673,0.5791407843980768
1908.2264535301338,181.17976190453206,0.18906724130315986,8.461538461538462,0.0821917808219178,0.7685794683858203,0.5121489490423585,0.6256586930432739
1338.0693583605027,104.46488095241651,0.27496056180327827,6.538461538461538,0.0273972602739726,0.7357697005396381,0.5047239337925444,0.6806537192042419
1852.589696284792,150.47559523797125,0.19192371001184125,8.692307692307692,0.0410958904109589,0.7633316585984334,0.542414471415798,0.6922355900886497
1420.346345305776,116.60952380951706,0.2509717149009458,6.6923076923076925,0.0136986301369863,0.7359471846844946,0.49441007760651634,0.6568109982159585
1112.8596927911822,87.17202380957437,0.333635185561071,5.461538461538462,0.0,0.7121327040990336,0.4557137716549109,0.6345164279852678
2969.6344403224844,355.3059523801192,0.12237362030556684,12.692307692307692,0.0958904109589041,0.8066908982775122,0.615109535113331,0.714141688595961
1568.3739936269724,127.01785714281534,0.2308155540258712,7.615384615384615,0.0547945205479452,0.7326604291709247,0.4835670678184281,0.6244466741886165
1194.2239627542792,91.59761904767359,0.30433168140067074,6.0,0.0410958904109589,0.709966736421706,0.49882023300411665,0.6676904110101661
1655.7357680805553,150.14464285702093,0.21456635549674882,7.846153846153846,0.0684931506849315,0.7607453211819871,0.5297192092370904,0.6616577255395953
1023.1225932579026,85.59464285719218,0.348223799609897,4.538461538461538,0.0684931506849315,0.6975839608712522,0.4751750307307399,0.6665662922645088
1374.0618094800955,111.02857142858491,0.25726171010845633,7.3076923076923075,0.0410958904109589,0.7295099360877242,0.5214319138980118,0.6779275967692691
1434.4295718970577,109.04642857144873,0.24601975997484724,7.384615384615385,0.0547945205479452,0.7224113872874852,0.4867847383021503,0.5842097628344525
1525.0591750080998,130.18392857137536,0.2226195192124351,6.769230769230769,0.0273972602739726,0.7557590475269147,0.5266767406718649,0.6755625555967106
1403.5529530327283,112.0095238095341,0.2517423965468082,6.461538461538462,0.0273972602739726,0.7330754113762616,0.4880789740424793,0.6806416665376879
2031.8758136083738,174.18452380931814,0.17025552684434225,9.384615384615385,0.0,0.7732121090210876,0.5361770853121153,0.6082455571527675
1128.7429339590017,82.4565476190942,0.3113649977354068,5.846153846153846,0.1095890410958904,0.6982477093793511,0.45985367660680804,0.6937175881177772
1596.513010464914,137.59880952373018,0.2313574500485149,7.153846153846154,0.0136986301369863,0.7431565150013301,0.4907061704601914,0.5851677322115459
933.9680531204929,78.46547619051933,0.3883860286840698,5.461538461538462,0.1643835616438356,0.6802600048973414,0.4631793879800618,0.6786380158532954
1006.1785077587219,69.59107142860688,0.3834121369405694,5.6923076923076925,0.1780821917808219,0.7036696936928531,0.4542853286545007,0.672321988904953
1834.4744045636248,150.32559523797204,0.1935042704075174,7.6923076923076925,0.0273972602739726,0.7693866505754879,0.492386883828431,0.7087739438197662
1333.258986893764,126.0297619047234,0.26418514563809165,6.538461538461538,0.0136986301369863,0.7243414093115161,0.4997134407739262,0.6782679005995417
1516.387179214411,114.4458333333345,0.23920280626467583,7.0,0.0,0.7574799986607034,0.5234361928437301,0.6601500896274396
1593.2172411699732,147.5898809522671,0.22168684664907,8.153846153846153,0.0273972602739726,0.7527797376738706,0.5196878169230317,0.6995326399202517
934.2375577432106,69.45000000003529,0.399783355744849,5.384615384615385,0.136986301369863,0.6824101410752698,0.4331167970305239,0.6068509431709315
1607.474140790313,130.03214285709046,0.22372063385916915,6.923076923076923,0.0136986301369863,0.7580184380735892,0.4991708492713601,0.6770358085839292
2163.744164334494,175.44464285693272,0.16730043985132584,9.692307692307692,0.0,0.7814547862698776,0.5071000886375495,0.6802054576525542
1333.4383768121613,119.29464285712753,0.27297716918202175,6.615384615384615,0.0410958904109589,0.7193903276679425,0.4957164027044666,0.6248440167230541
1693.1574936733941,135.57380952373745,0.20951228223311913,8.0,0.0,0.7625575947265184,0.5172060362873729,0.677982029061473
1249.561003691973,95.5910714286294,0.29111751784720546,6.923076923076923,0.1095890410958904,0.7041216297034131,0.48643192488267606,0.6561179408644509
1066.3415091477023,76.60297619051775,0.3318874725000527,5.0,0.1232876712328767,0.6991966394663682,0.4731669305986419,0.6334503076011522
2189.0112846861534,176.46726190454797,0.1664217915526416,10.23076923076923,0.0136986301369863,0.7798674666480067,0.531641672099737,0.7220875832267463
1985.3103406774262,162.58273809507236,0.18031127949051381,9.384615384615385,0.0684931506849315,0.7740819172033212,0.5438355071593134,0.6698691856208311
1650.4535797015833,123.29583333330413,0.2163910638166208,8.538461538461538,0.0684931506849315,0.7401108939756628,0.5038383676411572,0.6177373074092812
1664.300000399375,125.33333333329665,0.2102776078761021,7.230769230769231,0.0958904109589041,0.7589298899360333,0.5171044593767743,0.7256126602583612
1383.5605583660085,117.61428571427544,0.25809056612847436,6.384615384615385,0.0821917808219178,0.739448129978068,0.4859686814768074,0.7121188439243128
1376.537568061306,105.15297619051005,0.25950523196009645,7.0,0.0410958904109589,0.7360103248985259,0.5059818038542232,0.6872672156129407
1403.163840775709,135.16488095231068,0.25742215785639916,6.076923076923077,0.1232876712328767,0.7588857549834415,0.47122556511027625,0.6908297531187537
1949.8406634161138,170.58273809504465,0.1818034920010656,8.23076923076923,0.0,0.7744643763261677,0.48802827607136906,0.6647896247040861
2107.877930138681,178.04523809501922,0.16881685472519273,10.076923076923077,0.0410958904109589,0.7645009776997157,0.5230407720312481,0.6659179058511665
1569.403927914897,129.29999999994993,0.2267829277547615,7.769230769230769,0.0821917808219178,0.7442485027604725,0.5036946590596083,0.6960066169993424
1395.9199150051886,106.15178571431612,0.25611517662063193,7.538461538461538,0.0273972602739726,0.7301538384162826,0.47341419938252505,0.6578439727742127
2125.498676828161,195.59583333305306,0.16789856095881847,8.923076923076923,0.0684931506849315,0.79911105710589,0.494216073027646,0.7111840499515942
1700.7129952803534,145.43511904751298,0.21341215445470665,9.153846153846153,0.0,0.744565569574052,0.5091334615915325,0.5829013154888175
1305.044548392668,114.61011904761922,0.28268532714794786,6.769230769230769,0.1095890410958904,0.7291437880711811,0.49426583493291565,0.6796385314636382
1933.2886828598034,169.30654761885887,0.1821072842910448,7.923076923076923,0.0136986301369863,0.7731771263288517,0.530124367579454,0.7334168048408426
1738.1257782654006,141.6023809522877,0.20594192464571473,8.923076923076923,0.0,0.7512733418852593,0.5011933648908913,0.6129859892780251
1132.2730252781769,77.04523809527988,0.3158050483827487,5.153846153846154,0.0958904109589041,0.7053431876190779,0.48152760481541473,0.6602140356174068
1888.7984212825095,147.03214285703157,0.19137158264998474,8.846153846153847,0.0821917808219178,0.7684690975088467,0.5274978462521528,0.6450630293238907
1470.6754369817384,106.58452380955207,0.2398539099563949,7.615384615384615,0.0547945205479452,0.7407591494992923,0.5140577069446622,0.6452764851294581
1432.9578551926231,116.32916666666122,0.24642081928576084,6.538461538461538,0.0273972602739726,0.7557022899042037,0.47590263028920715,0.597738197237072
1660.2118531827932,133.0089285713661,0.22576129537709036,8.384615384615385,0.0,0.7623297463618822,0.5036890966697513,0.6732219526073032
1255.778666879874,94.32440476196159,0.28619180583134823,6.230769230769231,0.0684931506849315,0.7198780082355418,0.46560456763976,0.563717684521841
1956.3304689265453,178.00892857121022,0.18573082917537373,9.076923076923077,0.0136986301369863,0.7811545926049994,0.492733370597802,0.6281956883022669
1749.393517693727,146.14880952370137,0.20515238709273736,8.307692307692308,0.0136986301369863,0.7674656274882045,0.530364460720056,0.7119881287642029
1481.844330888401,123.46309523806498,0.24439495005712691,7.153846153846154,0.0684931506849315,0.7464086613196141,0.49119730035735754,0.6269932628064875
1073.215497666613,94.32797619053304,0.3373322360091505,5.923076923076923,0.0958904109589041,0.6975667675852074,0.4667340492736789,0.6478098239673309
1392.8041847562129,107.00535714288483,0.2551810684830953,7.6923076923076925,0.0410958904109589,0.7330366848029893,0.4970222826934793,0.597080917193897
1735.229553591969,143.03630952371202,0.21104462972014174,8.23076923076923,0.0273972602739726,0.770932729470366,0.5131377296047765,0.6895068928182698
1745.1775900982661,153.04345238082013,0.20398108747013138,8.23076923076923,0.0821917808219178,0.7599826226610294,0.5184987256430803,0.6964023522416624
1353.4625994751977,104.44761904765485,0.2747664747278989,6.615384615384615,0.1095890410958904,0.7225616968530653,0.4824974868758477,0.6302350859150869
1692.530835313225,139.2964285713439,0.215376286954213,8.0,0.0958904109589041,0.7691218573729789,0.5288247604360502,0.7107313490497603
961.1273935963883,69.17321428574925,0.38034817483279126,4.769230769230769,0.2328767123287671,0.6967413757009795,0.47853076637027525,0.6685284402319726
2163.605346192789,195.4369047616254,0.16596965456829058,8.846153846153847,0.0273972602739726,0.7946909701320848,0.5214631871359862,0.6831100390623951
1261.1199896579622,107.47559523812023,0.28710945414744143,6.153846153846154,0.0547945205479452,0.7416308236371348,0.5032532269914325,0.6571018425191016
1092.2432447401413,81.33095238099797,0.3318982265810881,5.076923076923077,0.0821917808219178,0.6975094302999603,0.48060907084100163,0.6294056530099501
770.5459556107489,54.03333333335515,0.4852743853903782,4.538461538461538,0.410958904109589,0.6478289225074064,0.45077924042989914,0.5772285603046354
1193.9547371679614,84.03511904766685,0.3029929602401302,6.153846153846154,0.1643835616438356,0.7213165611744508,0.4819685936495189,0.7277348173686824
1156.7942426636416,99.4702380952909,0.3122303206996397,5.538461538461538,0.0547945205479452,0.7182103575677726,0.4792432217699301,0.6869469925167747
1300.3190483197925,100.1678571429081,0.2743378760604992,6.615384615384615,0.0821917808219178,0.7274406988890074,0.4954180713167208,0.6685666906558818
1109.8912066993407,90.60297619052987,0.32296549429942656,5.615384615384615,0.0958904109589041,0.7123461205899844,0.4773564351300961,0.6143172054377356
1444.43009147967,108.04226190478559,0.2530746170004452,6.769230769230769,0.1095890410958904,0.725046103999923,0.510467310467219,0.5916411173580653
1876.5903641417385,163.17261904745166,0.18817810029863982,8.384615384615385,0.0,0.7649953378632691,0.5034592972263597,0.6151605968782646
1638.887478779708,142.31488095228565,0.22581796424756034,8.153846153846153,0.0273972602739726,0.7602380683507309,0.48410591807682996,0.6900365871518498
1510.9507717966835,124.43392857139527,0.2337900244614056,7.615384615384615,0.0547945205479452,0.7381364567562425,0.5057978896985512,0.6530716031334289
1430.0950752764218,101.46607142861735,0.2495002045943664,7.6923076923076925,0.1232876712328767,0.7317279537131012,0.5014617292699306,0.6789096674280173
1520.8106961912551,113.43928571429045,0.23167323772772302,6.846153846153846,0.0,0.7412234649997862,0.5063802500799828,0.7051667606242276
1567.9074345220474,121.45119047616733,0.23121206229855615,7.769230769230769,0.0273972602739726,0.7571343061679419,0.5068986065273021,0.6934654413791311
887.9619959268668,69.00238095241565,0.4237019735149482,4.923076923076923,0.4246575342465753,0.67320840971878,0.4665125702709769,0.6533844276750664
1592.080098120157,147.2922619046496,0.22732940436704965,7.615384615384615,0.0684931506849315,0.7474853932503398,0.4981768754448487,0.6197953143208355
1180.8196608878957,94.42916666672353,0.3072739139893353,6.076923076923077,0.0410958904109589,0.7222374568079194,0.4889520202021675,0.6797719276253652
1422.0680262179833,108.31250000002252,0.25300753200786197,7.0,0.1095890410958904,0.7380268392167165,0.5085996796880551,0.604207393035362
1205.0059274645675,88.45714285719463,0.30338990320680553,6.3076923076923075,0.0958904109589041,0.7080978060731703,0.4704861523832982,0.6712501823515957
1449.8759727278614,123.1898809523519,0.24341593891428945,6.461538461538462,0.1095890410958904,0.7267612586580604,0.47488311946654055,0.6235320561986574
1848.1598132114566,159.28869047603663,0.19381710808843414,8.615384615384615,0.0821917808219178,0.7719437880810351,0.528355209445222,0.582006040494386
1076.158369219287,77.58750000004237,0.3376114584802713,5.538461538461538,0.0684931506849315,0.7079175388753782,0.47760883149358785,0.6807511947484258
1475.576282953873,119.00297619046233,0.2535862645183931,7.384615384615385,0.0684931506849315,0.7520729229897751,0.4603866049550637,0.6298140089089836
1472.2361720056824,128.5994047618566,0.24420902030223432,7.153846153846154,0.0684931506849315,0.7436546859396347,0.4961269475919793,0.6376612717989348
2135.591265455324,181.45416666643558,0.16353081388610152,8.76923076923077,0.0410958904109589,0.7836994718301595,0.537135026075922,0.6616838749683205
1752.6913328597166,138.0392857142055,0.21160031271926563,8.846153846153847,0.0821917808219178,0.7525775345353494,0.5049228151206623,0.5662531396241189
1014.8035077719836,73.30119047622904,0.3546606364936847,5.615384615384615,0.0410958904109589,0.6850504022803635,0.4728191503218404,0.6304986380239108
1479.788896553773,116.47023809523199,0.23285267414331162,7.3076923076923075,0.0410958904109589,0.736203406074609,0.5037727759912627,0.678682194255233
1571.806421440594,128.5892857142377,0.229166666666382,7.0,0.0136986301369863,0.7560409778687368,0.4959538605981359,0.6800226129840188
1947.644134653811,173.43154761884458,0.18085461026217733,8.615384615384615,0.0,0.7714761173128709,0.519264431492089,0.6819467088956915
1980.0182675851315,154.03154761891207,0.1847758940212222,10.0,0.0821917808219178,0.7586867308971111,0.500655772570456,0.6064317590468801
1294.0748060013339,98.0172619048206,0.2839258688897323,6.846153846153846,0.0,0.7259660016627888,0.4959870407187866,0.647456321130166
1997.907953497026,173.18988095217867,0.17578569191944404,8.846153846153847,0.0,0.7703345446934053,0.5421866415505131,0.6464307664031721
1373.4642349130818,112.28928571429472,0.26154746376347837,6.153846153846154,0.1095890410958904,0.7596286492278552,0.4760711418214991,0.6695414446192817
898.7284420995737,62.01190476193343,0.4141892281937671,5.076923076923077,0.4657534246575342,0.6815987746881811,0.4254393959121545,0.6123286531381505
1429.9682466323925,120.02142857141098,0.24470869106076337,6.846153846153846,0.0136986301369863,0.7393319083060085,0.5168473552345327,0.6471517513481518
1319.0704846384845,109.00892857144927,0.27256280633305296,6.923076923076923,0.1095890410958904,0.7207285849908094,0.5185035051743758,0.6255769739146674
1484.7640995748147,111.47142857143977,0.2366085297117096,7.769230769230769,0.0821917808219178,0.7403496582708335,0.5190360380277513,0.7149823475599438
1735.6305120719874,149.18690476178568,0.2105465704894264,8.153846153846153,0.0273972602739726,0.7675620250926214,0.49522439105751137,0.6446194996850905
1423.9952997388452,122.00297619045193,0.2560215375408991,6.384615384615385,0.0684931506849315,0.7462141411707219,0.4916418540314113,0.7224578851359893
1645.6157357006582,122.17738095235555,0.21808779141011758,8.076923076923077,0.0,0.7416424134298424,0.508887305303604,0.712086415075335
1548.0065492661863,125.61369047615248,0.23025437954605407,7.461538461538462,0.0136986301369863,0.7639516720346934,0.4882992929225526,0.6624495976620295
1386.1106166707762,125.32440476186821,0.2598154116610756,6.0,0.0410958904109589,0.7533272771860512,0.49109905157999634,0.7134224940829001
991.2294711331076,68.32380952384383,0.364705682666898,5.153846153846154,0.1095890410958904,0.6931344412091528,0.45069803516044515,0.5965110944163692
1405.78556771734,107.57380952383448,0.26052461337510224,7.461538461538462,0.1232876712328767,0.7214456608491636,0.5011568123391694,0.6559704452655306
1321.5198972014778,112.3071428571516,0.2730117373588408,6.076923076923077,0.0958904109589041,0.7356194684269868,0.488115046351394,0.6325295751827692
1402.4068658670399,119.01011904760509,0.2555145080877132,7.538461538461538,0.0821917808219178,0.7432024423272292,0.4804706204254592,0.7021777085746189
1891.5510275283534,159.03333333318045,0.1889262307370135,8.76923076923077,0.0273972602739726,0.7737666026244233,0.5077841203940817,0.59778038495567
1087.3451873879594,86.03333333338287,0.33548376994505974,5.076923076923077,0.0273972602739726,0.7110453980849276,0.47982224978054305,0.7048746520418327
1384.4485192931545,107.29107142859773,0.25511217228883215,6.923076923076923,0.0136986301369863,0.7322223330301144,0.5231420442717327,0.7017828735971966
653.0062347529005,48.14642857144526,0.5727959697732574,3.6153846153846154,0.7534246575342466,0.6110895337506036,0.4568239856239462,0.6681338815575494
1218.065057578556,99.30535714291095,0.29602828030763495,5.923076923076923,0.0547945205479452,0.7227910746511319,0.44505185485138726,0.6981266809431944
1058.3222559963194,76.01666666670748,0.3495236557404052,6.6923076923076925,0.0958904109589041,0.6806667516284443,0.4711615584669422,0.6650705697816834
1702.3199524912507,139.29047619039162,0.20667485231954796,7.6923076923076925,0.0,0.7560950600042726,0.508256954818621,0.6976280530450851
1035.929064191659,86.14583333338294,0.34237041821416847,5.461538461538462,0.0821917808219178,0.6883271733491796,0.4886270281373383,0.630791222498988
1315.7431850604867,112.00416666667704,0.2709809298898547,6.153846153846154,0.0410958904109589,0.7338824103056858,0.4939610311026201,0.6894484365789433
1633.3636731895201,134.00714285707696,0.2191648712421373,8.153846153846153,0.0410958904109589,0.7300993331469645,0.5251430948086282,0.6634520198958191
2406.214877215211,218.01547619011913,0.14789133606581517,9.692307692307692,0.0,0.79928813342027,0.5288655262092451,0.7064197328052108
1790.4267879081592,146.59404761893717,0.20443225431622805,8.23076923076923,0.0136986301369863,0.760460908264006,0.5042832434629497,0.6715098910110746
1376.5176359156637,127.1464285713863,0.255228278634509,6.615384615384615,0.0273972602739726,0.7237842610271688,0.5099047704608101,0.6395110271050023
1731.90026208205,151.15416666654113,0.2033427772809691,7.923076923076923,0.0136986301369863,0.755218398407924,0.49903530581768973,0.6828452033041272
